Name;Sport;Date;Start time;Duration;Total distance (km);Average heart rate (bpm);Average speed (km/h);Max speed (km/h);Average pace (min/km);Max pace (min/km);Calories;Fat percentage of calories(%);Carbohydrate percentage of calories(%);Protein percentage of calories(%);Average cadence (rpm);Average stride length (cm);Running index;Training load;Ascent (m);Descent (m);Average power (W);Max power (W);Notes;Height (cm);Weight (kg);HR max;HR sit;VO2max;
;CYCLING;;;00:35:48;;149;;;;;433;20;79;1;;;;;;;;;;;;;;;
Sample rate;Time;HR (bpm);Speed (km/h);Pace (min/km);Cadence;Altitude (m);Stride length (m);Distances (m);Temperatures (C);Power (W);;;;;;;;;;;;;;;;;;;
1;00:00:00;82;;;;;;;;;;;;;;;;;;;;;;;;;;;
;00:00:01;82;;;;;;;;;;;;;;;;;;;;;;;;;;;
;00:00:02;82;;;;;;;;;;;;;;;;;;;;;;;;;;;
;00:00:03;83;;;;;;;;;;;;;;;;;;;;;;;;;;;
;00:00:04;83;;;;;;;;;;;;;;;;;;;;;;;;;;;
;00:00:05;84;;;;;;;;;;;;;;;;;;;;;;;;;;;
;00:00:06;84;;;;;;;;;;;;;;;;;;;;;;;;;;;
;00:00:07;85;;;;;;;;;;;;;;;;;;;;;;;;;;;
;00:00:08;86;;;;;;;;;;;;;;;;;;;;;;;;;;;
;00:00:09;86;;;;;;;;;;;;;;;;;;;;;;;;;;;
;00:00:10;88;;;;;;;;;;;;;;;;;;;;;;;;;;;
;00:00:11;88;;;;;;;;;;;;;;;;;;;;;;;;;;;
;00:00:12;89;;;;;;;;;;;;;;;;;;;;;;;;;;;
;00:00:13;89;;;;;;;;;;;;;;;;;;;;;;;;;;;
;00:00:14;90;;;;;;;;;;;;;;;;;;;;;;;;;;;
;00:00:15;90;;;;;;;;;;;;;;;;;;;;;;;;;;;
;00:00:16;90;;;;;;;;;;;;;;;;;;;;;;;;;;;
;00:00:17;90;;;;;;;;;;;;;;;;;;;;;;;;;;;
;00:00:18;90;;;;;;;;;;;;;;;;;;;;;;;;;;;
;00:00:19;90;;;;;;;;;;;;;;;;;;;;;;;;;;;
;00:00:20;90;;;;;;;;;;;;;;;;;;;;;;;;;;;
;00:00:21;89;;;;;;;;;;;;;;;;;;;;;;;;;;;
;00:00:22;89;;;;;;;;;;;;;;;;;;;;;;;;;;;
;00:00:23;89;;;;;;;;;;;;;;;;;;;;;;;;;;;
;00:00:24;89;;;;;;;;;;;;;;;;;;;;;;;;;;;
;00:00:25;89;;;;;;;;;;;;;;;;;;;;;;;;;;;
;00:00:26;88;;;;;;;;;;;;;;;;;;;;;;;;;;;
;00:00:27;88;;;;;;;;;;;;;;;;;;;;;;;;;;;
;00:00:28;89;;;;;;;;;;;;;;;;;;;;;;;;;;;
;00:00:29;89;;;;;;;;;;;;;;;;;;;;;;;;;;;
;00:00:30;89;;;;;;;;;;;;;;;;;;;;;;;;;;;
;00:00:31;89;;;;;;;;;;;;;;;;;;;;;;;;;;;
;00:00:32;88;;;;;;;;;;;;;;;;;;;;;;;;;;;
;00:00:33;89;;;;;;;;;;;;;;;;;;;;;;;;;;;
;00:00:34;89;;;;;;;;;;;;;;;;;;;;;;;;;;;
;00:00:35;89;;;;;;;;;;;;;;;;;;;;;;;;;;;
;00:00:36;89;;;;;;;;;;;;;;;;;;;;;;;;;;;
;00:00:37;91;;;;;;;;;;;;;;;;;;;;;;;;;;;
;00:00:38;93;;;;;;;;;;;;;;;;;;;;;;;;;;;
;00:00:39;93;;;;;;;;;;;;;;;;;;;;;;;;;;;
;00:00:40;93;;;;;;;;;;;;;;;;;;;;;;;;;;;
;00:00:41;93;;;;;;;;;;;;;;;;;;;;;;;;;;;
;00:00:42;93;;;;;;;;;;;;;;;;;;;;;;;;;;;
;00:00:43;93;;;;;;;;;;;;;;;;;;;;;;;;;;;
;00:00:44;95;;;;;;;;;;;;;;;;;;;;;;;;;;;
;00:00:45;96;;;;;;;;;;;;;;;;;;;;;;;;;;;
;00:00:46;96;;;;;;;;;;;;;;;;;;;;;;;;;;;
;00:00:47;96;;;;;;;;;;;;;;;;;;;;;;;;;;;
;00:00:48;97;;;;;;;;;;;;;;;;;;;;;;;;;;;
;00:00:49;97;;;;;;;;;;;;;;;;;;;;;;;;;;;
;00:00:50;98;;;;;;;;;;;;;;;;;;;;;;;;;;;
;00:00:51;98;;;;;;;;;;;;;;;;;;;;;;;;;;;
;00:00:52;98;;;;;;;;;;;;;;;;;;;;;;;;;;;
;00:00:53;98;;;;;;;;;;;;;;;;;;;;;;;;;;;
;00:00:54;98;;;;;;;;;;;;;;;;;;;;;;;;;;;
;00:00:55;97;;;;;;;;;;;;;;;;;;;;;;;;;;;
;00:00:56;97;;;;;;;;;;;;;;;;;;;;;;;;;;;
;00:00:57;97;;;;;;;;;;;;;;;;;;;;;;;;;;;
;00:00:58;97;;;;;;;;;;;;;;;;;;;;;;;;;;;
;00:00:59;98;;;;;;;;;;;;;;;;;;;;;;;;;;;
;00:01:00;99;;;;;;;;;;;;;;;;;;;;;;;;;;;
;00:01:01;99;;;;;;;;;;;;;;;;;;;;;;;;;;;
;00:01:02;99;;;;;;;;;;;;;;;;;;;;;;;;;;;
;00:01:03;99;;;;;;;;;;;;;;;;;;;;;;;;;;;
;00:01:04;98;;;;;;;;;;;;;;;;;;;;;;;;;;;
;00:01:05;98;;;;;;;;;;;;;;;;;;;;;;;;;;;
;00:01:06;99;;;;;;;;;;;;;;;;;;;;;;;;;;;
;00:01:07;99;;;;;;;;;;;;;;;;;;;;;;;;;;;
;00:01:08;100;;;;;;;;;;;;;;;;;;;;;;;;;;;
;00:01:09;100;;;;;;;;;;;;;;;;;;;;;;;;;;;
;00:01:10;100;;;;;;;;;;;;;;;;;;;;;;;;;;;
;00:01:11;100;;;;;;;;;;;;;;;;;;;;;;;;;;;
;00:01:12;101;;;;;;;;;;;;;;;;;;;;;;;;;;;
;00:01:13;101;;;;;;;;;;;;;;;;;;;;;;;;;;;
;00:01:14;100;;;;;;;;;;;;;;;;;;;;;;;;;;;
;00:01:15;100;;;;;;;;;;;;;;;;;;;;;;;;;;;
;00:01:16;101;;;;;;;;;;;;;;;;;;;;;;;;;;;
;00:01:17;101;;;;;;;;;;;;;;;;;;;;;;;;;;;
;00:01:18;101;;;;;;;;;;;;;;;;;;;;;;;;;;;
;00:01:19;102;;;;;;;;;;;;;;;;;;;;;;;;;;;
;00:01:20;102;;;;;;;;;;;;;;;;;;;;;;;;;;;
;00:01:21;102;;;;;;;;;;;;;;;;;;;;;;;;;;;
;00:01:22;102;;;;;;;;;;;;;;;;;;;;;;;;;;;
;00:01:23;102;;;;;;;;;;;;;;;;;;;;;;;;;;;
;00:01:24;102;;;;;;;;;;;;;;;;;;;;;;;;;;;
;00:01:25;101;;;;;;;;;;;;;;;;;;;;;;;;;;;
;00:01:26;100;;;;;;;;;;;;;;;;;;;;;;;;;;;
;00:01:27;99;;;;;;;;;;;;;;;;;;;;;;;;;;;
;00:01:28;100;;;;;;;;;;;;;;;;;;;;;;;;;;;
;00:01:29;100;;;;;;;;;;;;;;;;;;;;;;;;;;;
;00:01:30;102;;;;;;;;;;;;;;;;;;;;;;;;;;;
;00:01:31;104;;;;;;;;;;;;;;;;;;;;;;;;;;;
;00:01:32;104;;;;;;;;;;;;;;;;;;;;;;;;;;;
;00:01:33;102;;;;;;;;;;;;;;;;;;;;;;;;;;;
;00:01:34;100;;;;;;;;;;;;;;;;;;;;;;;;;;;
;00:01:35;99;;;;;;;;;;;;;;;;;;;;;;;;;;;
;00:01:36;99;;;;;;;;;;;;;;;;;;;;;;;;;;;
;00:01:37;99;;;;;;;;;;;;;;;;;;;;;;;;;;;
;00:01:38;100;;;;;;;;;;;;;;;;;;;;;;;;;;;
;00:01:39;98;;;;;;;;;;;;;;;;;;;;;;;;;;;
;00:01:40;97;;;;;;;;;;;;;;;;;;;;;;;;;;;
;00:01:41;96;;;;;;;;;;;;;;;;;;;;;;;;;;;
;00:01:42;97;;;;;;;;;;;;;;;;;;;;;;;;;;;
;00:01:43;97;;;;;;;;;;;;;;;;;;;;;;;;;;;
;00:01:44;99;;;;;;;;;;;;;;;;;;;;;;;;;;;
;00:01:45;100;;;;;;;;;;;;;;;;;;;;;;;;;;;
;00:01:46;100;;;;;;;;;;;;;;;;;;;;;;;;;;;
;00:01:47;98;;;;;;;;;;;;;;;;;;;;;;;;;;;
;00:01:48;97;;;;;;;;;;;;;;;;;;;;;;;;;;;
;00:01:49;96;;;;;;;;;;;;;;;;;;;;;;;;;;;
;00:01:50;96;;;;;;;;;;;;;;;;;;;;;;;;;;;
;00:01:51;98;;;;;;;;;;;;;;;;;;;;;;;;;;;
;00:01:52;100;;;;;;;;;;;;;;;;;;;;;;;;;;;
;00:01:53;101;;;;;;;;;;;;;;;;;;;;;;;;;;;
;00:01:54;102;;;;;;;;;;;;;;;;;;;;;;;;;;;
;00:01:55;102;;;;;;;;;;;;;;;;;;;;;;;;;;;
;00:01:56;104;;;;;;;;;;;;;;;;;;;;;;;;;;;
;00:01:57;103;;;;;;;;;;;;;;;;;;;;;;;;;;;
;00:01:58;103;;;;;;;;;;;;;;;;;;;;;;;;;;;
;00:01:59;104;;;;;;;;;;;;;;;;;;;;;;;;;;;
;00:02:00;104;;;;;;;;;;;;;;;;;;;;;;;;;;;
;00:02:01;104;;;;;;;;;;;;;;;;;;;;;;;;;;;
;00:02:02;104;;;;;;;;;;;;;;;;;;;;;;;;;;;
;00:02:03;104;;;;;;;;;;;;;;;;;;;;;;;;;;;
;00:02:04;104;;;;;;;;;;;;;;;;;;;;;;;;;;;
;00:02:05;104;;;;;;;;;;;;;;;;;;;;;;;;;;;
;00:02:06;105;;;;;;;;;;;;;;;;;;;;;;;;;;;
;00:02:07;105;;;;;;;;;;;;;;;;;;;;;;;;;;;
;00:02:08;105;;;;;;;;;;;;;;;;;;;;;;;;;;;
;00:02:09;104;;;;;;;;;;;;;;;;;;;;;;;;;;;
;00:02:10;104;;;;;;;;;;;;;;;;;;;;;;;;;;;
;00:02:11;105;;;;;;;;;;;;;;;;;;;;;;;;;;;
;00:02:12;106;;;;;;;;;;;;;;;;;;;;;;;;;;;
;00:02:13;106;;;;;;;;;;;;;;;;;;;;;;;;;;;
;00:02:14;105;;;;;;;;;;;;;;;;;;;;;;;;;;;
;00:02:15;105;;;;;;;;;;;;;;;;;;;;;;;;;;;
;00:02:16;106;;;;;;;;;;;;;;;;;;;;;;;;;;;
;00:02:17;107;;;;;;;;;;;;;;;;;;;;;;;;;;;
;00:02:18;107;;;;;;;;;;;;;;;;;;;;;;;;;;;
;00:02:19;107;;;;;;;;;;;;;;;;;;;;;;;;;;;
;00:02:20;107;;;;;;;;;;;;;;;;;;;;;;;;;;;
;00:02:21;107;;;;;;;;;;;;;;;;;;;;;;;;;;;
;00:02:22;106;;;;;;;;;;;;;;;;;;;;;;;;;;;
;00:02:23;105;;;;;;;;;;;;;;;;;;;;;;;;;;;
;00:02:24;105;;;;;;;;;;;;;;;;;;;;;;;;;;;
;00:02:25;105;;;;;;;;;;;;;;;;;;;;;;;;;;;
;00:02:26;105;;;;;;;;;;;;;;;;;;;;;;;;;;;
;00:02:27;105;;;;;;;;;;;;;;;;;;;;;;;;;;;
;00:02:28;105;;;;;;;;;;;;;;;;;;;;;;;;;;;
;00:02:29;105;;;;;;;;;;;;;;;;;;;;;;;;;;;
;00:02:30;104;;;;;;;;;;;;;;;;;;;;;;;;;;;
;00:02:31;104;;;;;;;;;;;;;;;;;;;;;;;;;;;
;00:02:32;105;;;;;;;;;;;;;;;;;;;;;;;;;;;
;00:02:33;106;;;;;;;;;;;;;;;;;;;;;;;;;;;
;00:02:34;107;;;;;;;;;;;;;;;;;;;;;;;;;;;
;00:02:35;106;;;;;;;;;;;;;;;;;;;;;;;;;;;
;00:02:36;105;;;;;;;;;;;;;;;;;;;;;;;;;;;
;00:02:37;105;;;;;;;;;;;;;;;;;;;;;;;;;;;
;00:02:38;105;;;;;;;;;;;;;;;;;;;;;;;;;;;
;00:02:39;105;;;;;;;;;;;;;;;;;;;;;;;;;;;
;00:02:40;106;;;;;;;;;;;;;;;;;;;;;;;;;;;
;00:02:41;106;;;;;;;;;;;;;;;;;;;;;;;;;;;
;00:02:42;105;;;;;;;;;;;;;;;;;;;;;;;;;;;
;00:02:43;105;;;;;;;;;;;;;;;;;;;;;;;;;;;
;00:02:44;105;;;;;;;;;;;;;;;;;;;;;;;;;;;
;00:02:45;106;;;;;;;;;;;;;;;;;;;;;;;;;;;
;00:02:46;107;;;;;;;;;;;;;;;;;;;;;;;;;;;
;00:02:47;107;;;;;;;;;;;;;;;;;;;;;;;;;;;
;00:02:48;107;;;;;;;;;;;;;;;;;;;;;;;;;;;
;00:02:49;107;;;;;;;;;;;;;;;;;;;;;;;;;;;
;00:02:50;107;;;;;;;;;;;;;;;;;;;;;;;;;;;
;00:02:51;108;;;;;;;;;;;;;;;;;;;;;;;;;;;
;00:02:52;109;;;;;;;;;;;;;;;;;;;;;;;;;;;
;00:02:53;111;;;;;;;;;;;;;;;;;;;;;;;;;;;
;00:02:54;111;;;;;;;;;;;;;;;;;;;;;;;;;;;
;00:02:55;110;;;;;;;;;;;;;;;;;;;;;;;;;;;
;00:02:56;108;;;;;;;;;;;;;;;;;;;;;;;;;;;
;00:02:57;108;;;;;;;;;;;;;;;;;;;;;;;;;;;
;00:02:58;108;;;;;;;;;;;;;;;;;;;;;;;;;;;
;00:02:59;108;;;;;;;;;;;;;;;;;;;;;;;;;;;
;00:03:00;106;;;;;;;;;;;;;;;;;;;;;;;;;;;
;00:03:01;106;;;;;;;;;;;;;;;;;;;;;;;;;;;
;00:03:02;107;;;;;;;;;;;;;;;;;;;;;;;;;;;
;00:03:03;107;;;;;;;;;;;;;;;;;;;;;;;;;;;
;00:03:04;108;;;;;;;;;;;;;;;;;;;;;;;;;;;
;00:03:05;108;;;;;;;;;;;;;;;;;;;;;;;;;;;
;00:03:06;108;;;;;;;;;;;;;;;;;;;;;;;;;;;
;00:03:07;108;;;;;;;;;;;;;;;;;;;;;;;;;;;
;00:03:08;109;;;;;;;;;;;;;;;;;;;;;;;;;;;
;00:03:09;110;;;;;;;;;;;;;;;;;;;;;;;;;;;
;00:03:10;111;;;;;;;;;;;;;;;;;;;;;;;;;;;
;00:03:11;111;;;;;;;;;;;;;;;;;;;;;;;;;;;
;00:03:12;112;;;;;;;;;;;;;;;;;;;;;;;;;;;
;00:03:13;113;;;;;;;;;;;;;;;;;;;;;;;;;;;
;00:03:14;114;;;;;;;;;;;;;;;;;;;;;;;;;;;
;00:03:15;114;;;;;;;;;;;;;;;;;;;;;;;;;;;
;00:03:16;114;;;;;;;;;;;;;;;;;;;;;;;;;;;
;00:03:17;113;;;;;;;;;;;;;;;;;;;;;;;;;;;
;00:03:18;112;;;;;;;;;;;;;;;;;;;;;;;;;;;
;00:03:19;112;;;;;;;;;;;;;;;;;;;;;;;;;;;
;00:03:20;112;;;;;;;;;;;;;;;;;;;;;;;;;;;
;00:03:21;113;;;;;;;;;;;;;;;;;;;;;;;;;;;
;00:03:22;113;;;;;;;;;;;;;;;;;;;;;;;;;;;
;00:03:23;114;;;;;;;;;;;;;;;;;;;;;;;;;;;
;00:03:24;114;;;;;;;;;;;;;;;;;;;;;;;;;;;
;00:03:25;114;;;;;;;;;;;;;;;;;;;;;;;;;;;
;00:03:26;114;;;;;;;;;;;;;;;;;;;;;;;;;;;
;00:03:27;114;;;;;;;;;;;;;;;;;;;;;;;;;;;
;00:03:28;113;;;;;;;;;;;;;;;;;;;;;;;;;;;
;00:03:29;112;;;;;;;;;;;;;;;;;;;;;;;;;;;
;00:03:30;111;;;;;;;;;;;;;;;;;;;;;;;;;;;
;00:03:31;111;;;;;;;;;;;;;;;;;;;;;;;;;;;
;00:03:32;111;;;;;;;;;;;;;;;;;;;;;;;;;;;
;00:03:33;111;;;;;;;;;;;;;;;;;;;;;;;;;;;
;00:03:34;113;;;;;;;;;;;;;;;;;;;;;;;;;;;
;00:03:35;113;;;;;;;;;;;;;;;;;;;;;;;;;;;
;00:03:36;113;;;;;;;;;;;;;;;;;;;;;;;;;;;
;00:03:37;112;;;;;;;;;;;;;;;;;;;;;;;;;;;
;00:03:38;112;;;;;;;;;;;;;;;;;;;;;;;;;;;
;00:03:39;112;;;;;;;;;;;;;;;;;;;;;;;;;;;
;00:03:40;112;;;;;;;;;;;;;;;;;;;;;;;;;;;
;00:03:41;112;;;;;;;;;;;;;;;;;;;;;;;;;;;
;00:03:42;112;;;;;;;;;;;;;;;;;;;;;;;;;;;
;00:03:43;113;;;;;;;;;;;;;;;;;;;;;;;;;;;
;00:03:44;114;;;;;;;;;;;;;;;;;;;;;;;;;;;
;00:03:45;115;;;;;;;;;;;;;;;;;;;;;;;;;;;
;00:03:46;116;;;;;;;;;;;;;;;;;;;;;;;;;;;
;00:03:47;117;;;;;;;;;;;;;;;;;;;;;;;;;;;
;00:03:48;117;;;;;;;;;;;;;;;;;;;;;;;;;;;
;00:03:49;117;;;;;;;;;;;;;;;;;;;;;;;;;;;
;00:03:50;117;;;;;;;;;;;;;;;;;;;;;;;;;;;
;00:03:51;118;;;;;;;;;;;;;;;;;;;;;;;;;;;
;00:03:52;118;;;;;;;;;;;;;;;;;;;;;;;;;;;
;00:03:53;118;;;;;;;;;;;;;;;;;;;;;;;;;;;
;00:03:54;118;;;;;;;;;;;;;;;;;;;;;;;;;;;
;00:03:55;118;;;;;;;;;;;;;;;;;;;;;;;;;;;
;00:03:56;119;;;;;;;;;;;;;;;;;;;;;;;;;;;
;00:03:57;119;;;;;;;;;;;;;;;;;;;;;;;;;;;
;00:03:58;119;;;;;;;;;;;;;;;;;;;;;;;;;;;
;00:03:59;119;;;;;;;;;;;;;;;;;;;;;;;;;;;
;00:04:00;119;;;;;;;;;;;;;;;;;;;;;;;;;;;
;00:04:01;119;;;;;;;;;;;;;;;;;;;;;;;;;;;
;00:04:02;118;;;;;;;;;;;;;;;;;;;;;;;;;;;
;00:04:03;118;;;;;;;;;;;;;;;;;;;;;;;;;;;
;00:04:04;119;;;;;;;;;;;;;;;;;;;;;;;;;;;
;00:04:05;118;;;;;;;;;;;;;;;;;;;;;;;;;;;
;00:04:06;119;;;;;;;;;;;;;;;;;;;;;;;;;;;
;00:04:07;118;;;;;;;;;;;;;;;;;;;;;;;;;;;
;00:04:08;118;;;;;;;;;;;;;;;;;;;;;;;;;;;
;00:04:09;119;;;;;;;;;;;;;;;;;;;;;;;;;;;
;00:04:10;120;;;;;;;;;;;;;;;;;;;;;;;;;;;
;00:04:11;120;;;;;;;;;;;;;;;;;;;;;;;;;;;
;00:04:12;120;;;;;;;;;;;;;;;;;;;;;;;;;;;
;00:04:13;120;;;;;;;;;;;;;;;;;;;;;;;;;;;
;00:04:14;120;;;;;;;;;;;;;;;;;;;;;;;;;;;
;00:04:15;119;;;;;;;;;;;;;;;;;;;;;;;;;;;
;00:04:16;119;;;;;;;;;;;;;;;;;;;;;;;;;;;
;00:04:17;119;;;;;;;;;;;;;;;;;;;;;;;;;;;
;00:04:18;119;;;;;;;;;;;;;;;;;;;;;;;;;;;
;00:04:19;118;;;;;;;;;;;;;;;;;;;;;;;;;;;
;00:04:20;118;;;;;;;;;;;;;;;;;;;;;;;;;;;
;00:04:21;118;;;;;;;;;;;;;;;;;;;;;;;;;;;
;00:04:22;118;;;;;;;;;;;;;;;;;;;;;;;;;;;
;00:04:23;118;;;;;;;;;;;;;;;;;;;;;;;;;;;
;00:04:24;118;;;;;;;;;;;;;;;;;;;;;;;;;;;
;00:04:25;117;;;;;;;;;;;;;;;;;;;;;;;;;;;
;00:04:26;117;;;;;;;;;;;;;;;;;;;;;;;;;;;
;00:04:27;117;;;;;;;;;;;;;;;;;;;;;;;;;;;
;00:04:28;116;;;;;;;;;;;;;;;;;;;;;;;;;;;
;00:04:29;116;;;;;;;;;;;;;;;;;;;;;;;;;;;
;00:04:30;116;;;;;;;;;;;;;;;;;;;;;;;;;;;
;00:04:31;116;;;;;;;;;;;;;;;;;;;;;;;;;;;
;00:04:32;117;;;;;;;;;;;;;;;;;;;;;;;;;;;
;00:04:33;117;;;;;;;;;;;;;;;;;;;;;;;;;;;
;00:04:34;117;;;;;;;;;;;;;;;;;;;;;;;;;;;
;00:04:35;117;;;;;;;;;;;;;;;;;;;;;;;;;;;
;00:04:36;119;;;;;;;;;;;;;;;;;;;;;;;;;;;
;00:04:37;119;;;;;;;;;;;;;;;;;;;;;;;;;;;
;00:04:38;119;;;;;;;;;;;;;;;;;;;;;;;;;;;
;00:04:39;120;;;;;;;;;;;;;;;;;;;;;;;;;;;
;00:04:40;120;;;;;;;;;;;;;;;;;;;;;;;;;;;
;00:04:41;120;;;;;;;;;;;;;;;;;;;;;;;;;;;
;00:04:42;121;;;;;;;;;;;;;;;;;;;;;;;;;;;
;00:04:43;121;;;;;;;;;;;;;;;;;;;;;;;;;;;
;00:04:44;121;;;;;;;;;;;;;;;;;;;;;;;;;;;
;00:04:45;121;;;;;;;;;;;;;;;;;;;;;;;;;;;
;00:04:46;121;;;;;;;;;;;;;;;;;;;;;;;;;;;
;00:04:47;122;;;;;;;;;;;;;;;;;;;;;;;;;;;
;00:04:48;122;;;;;;;;;;;;;;;;;;;;;;;;;;;
;00:04:49;122;;;;;;;;;;;;;;;;;;;;;;;;;;;
;00:04:50;121;;;;;;;;;;;;;;;;;;;;;;;;;;;
;00:04:51;121;;;;;;;;;;;;;;;;;;;;;;;;;;;
;00:04:52;121;;;;;;;;;;;;;;;;;;;;;;;;;;;
;00:04:53;121;;;;;;;;;;;;;;;;;;;;;;;;;;;
;00:04:54;121;;;;;;;;;;;;;;;;;;;;;;;;;;;
;00:04:55;119;;;;;;;;;;;;;;;;;;;;;;;;;;;
;00:04:56;119;;;;;;;;;;;;;;;;;;;;;;;;;;;
;00:04:57;118;;;;;;;;;;;;;;;;;;;;;;;;;;;
;00:04:58;119;;;;;;;;;;;;;;;;;;;;;;;;;;;
;00:04:59;120;;;;;;;;;;;;;;;;;;;;;;;;;;;
;00:05:00;120;;;;;;;;;;;;;;;;;;;;;;;;;;;
;00:05:01;121;;;;;;;;;;;;;;;;;;;;;;;;;;;
;00:05:02;121;;;;;;;;;;;;;;;;;;;;;;;;;;;
;00:05:03;122;;;;;;;;;;;;;;;;;;;;;;;;;;;
;00:05:04;122;;;;;;;;;;;;;;;;;;;;;;;;;;;
;00:05:05;123;;;;;;;;;;;;;;;;;;;;;;;;;;;
;00:05:06;124;;;;;;;;;;;;;;;;;;;;;;;;;;;
;00:05:07;126;;;;;;;;;;;;;;;;;;;;;;;;;;;
;00:05:08;126;;;;;;;;;;;;;;;;;;;;;;;;;;;
;00:05:09;126;;;;;;;;;;;;;;;;;;;;;;;;;;;
;00:05:10;126;;;;;;;;;;;;;;;;;;;;;;;;;;;
;00:05:11;127;;;;;;;;;;;;;;;;;;;;;;;;;;;
;00:05:12;127;;;;;;;;;;;;;;;;;;;;;;;;;;;
;00:05:13;127;;;;;;;;;;;;;;;;;;;;;;;;;;;
;00:05:14;127;;;;;;;;;;;;;;;;;;;;;;;;;;;
;00:05:15;126;;;;;;;;;;;;;;;;;;;;;;;;;;;
;00:05:16;126;;;;;;;;;;;;;;;;;;;;;;;;;;;
;00:05:17;126;;;;;;;;;;;;;;;;;;;;;;;;;;;
;00:05:18;126;;;;;;;;;;;;;;;;;;;;;;;;;;;
;00:05:19;126;;;;;;;;;;;;;;;;;;;;;;;;;;;
;00:05:20;126;;;;;;;;;;;;;;;;;;;;;;;;;;;
;00:05:21;126;;;;;;;;;;;;;;;;;;;;;;;;;;;
;00:05:22;127;;;;;;;;;;;;;;;;;;;;;;;;;;;
;00:05:23;126;;;;;;;;;;;;;;;;;;;;;;;;;;;
;00:05:24;127;;;;;;;;;;;;;;;;;;;;;;;;;;;
;00:05:25;127;;;;;;;;;;;;;;;;;;;;;;;;;;;
;00:05:26;127;;;;;;;;;;;;;;;;;;;;;;;;;;;
;00:05:27;128;;;;;;;;;;;;;;;;;;;;;;;;;;;
;00:05:28;129;;;;;;;;;;;;;;;;;;;;;;;;;;;
;00:05:29;129;;;;;;;;;;;;;;;;;;;;;;;;;;;
;00:05:30;130;;;;;;;;;;;;;;;;;;;;;;;;;;;
;00:05:31;131;;;;;;;;;;;;;;;;;;;;;;;;;;;
;00:05:32;132;;;;;;;;;;;;;;;;;;;;;;;;;;;
;00:05:33;133;;;;;;;;;;;;;;;;;;;;;;;;;;;
;00:05:34;134;;;;;;;;;;;;;;;;;;;;;;;;;;;
;00:05:35;135;;;;;;;;;;;;;;;;;;;;;;;;;;;
;00:05:36;135;;;;;;;;;;;;;;;;;;;;;;;;;;;
;00:05:37;136;;;;;;;;;;;;;;;;;;;;;;;;;;;
;00:05:38;137;;;;;;;;;;;;;;;;;;;;;;;;;;;
;00:05:39;137;;;;;;;;;;;;;;;;;;;;;;;;;;;
;00:05:40;138;;;;;;;;;;;;;;;;;;;;;;;;;;;
;00:05:41;138;;;;;;;;;;;;;;;;;;;;;;;;;;;
;00:05:42;138;;;;;;;;;;;;;;;;;;;;;;;;;;;
;00:05:43;139;;;;;;;;;;;;;;;;;;;;;;;;;;;
;00:05:44;139;;;;;;;;;;;;;;;;;;;;;;;;;;;
;00:05:45;140;;;;;;;;;;;;;;;;;;;;;;;;;;;
;00:05:46;140;;;;;;;;;;;;;;;;;;;;;;;;;;;
;00:05:47;141;;;;;;;;;;;;;;;;;;;;;;;;;;;
;00:05:48;141;;;;;;;;;;;;;;;;;;;;;;;;;;;
;00:05:49;141;;;;;;;;;;;;;;;;;;;;;;;;;;;
;00:05:50;142;;;;;;;;;;;;;;;;;;;;;;;;;;;
;00:05:51;142;;;;;;;;;;;;;;;;;;;;;;;;;;;
;00:05:52;143;;;;;;;;;;;;;;;;;;;;;;;;;;;
;00:05:53;144;;;;;;;;;;;;;;;;;;;;;;;;;;;
;00:05:54;144;;;;;;;;;;;;;;;;;;;;;;;;;;;
;00:05:55;145;;;;;;;;;;;;;;;;;;;;;;;;;;;
;00:05:56;146;;;;;;;;;;;;;;;;;;;;;;;;;;;
;00:05:57;148;;;;;;;;;;;;;;;;;;;;;;;;;;;
;00:05:58;148;;;;;;;;;;;;;;;;;;;;;;;;;;;
;00:05:59;149;;;;;;;;;;;;;;;;;;;;;;;;;;;
;00:06:00;150;;;;;;;;;;;;;;;;;;;;;;;;;;;
;00:06:01;151;;;;;;;;;;;;;;;;;;;;;;;;;;;
;00:06:02;151;;;;;;;;;;;;;;;;;;;;;;;;;;;
;00:06:03;152;;;;;;;;;;;;;;;;;;;;;;;;;;;
;00:06:04;152;;;;;;;;;;;;;;;;;;;;;;;;;;;
;00:06:05;153;;;;;;;;;;;;;;;;;;;;;;;;;;;
;00:06:06;153;;;;;;;;;;;;;;;;;;;;;;;;;;;
;00:06:07;154;;;;;;;;;;;;;;;;;;;;;;;;;;;
;00:06:08;154;;;;;;;;;;;;;;;;;;;;;;;;;;;
;00:06:09;154;;;;;;;;;;;;;;;;;;;;;;;;;;;
;00:06:10;155;;;;;;;;;;;;;;;;;;;;;;;;;;;
;00:06:11;155;;;;;;;;;;;;;;;;;;;;;;;;;;;
;00:06:12;156;;;;;;;;;;;;;;;;;;;;;;;;;;;
;00:06:13;156;;;;;;;;;;;;;;;;;;;;;;;;;;;
;00:06:14;156;;;;;;;;;;;;;;;;;;;;;;;;;;;
;00:06:15;156;;;;;;;;;;;;;;;;;;;;;;;;;;;
;00:06:16;157;;;;;;;;;;;;;;;;;;;;;;;;;;;
;00:06:17;157;;;;;;;;;;;;;;;;;;;;;;;;;;;
;00:06:18;157;;;;;;;;;;;;;;;;;;;;;;;;;;;
;00:06:19;158;;;;;;;;;;;;;;;;;;;;;;;;;;;
;00:06:20;158;;;;;;;;;;;;;;;;;;;;;;;;;;;
;00:06:21;158;;;;;;;;;;;;;;;;;;;;;;;;;;;
;00:06:22;158;;;;;;;;;;;;;;;;;;;;;;;;;;;
;00:06:23;158;;;;;;;;;;;;;;;;;;;;;;;;;;;
;00:06:24;159;;;;;;;;;;;;;;;;;;;;;;;;;;;
;00:06:25;159;;;;;;;;;;;;;;;;;;;;;;;;;;;
;00:06:26;159;;;;;;;;;;;;;;;;;;;;;;;;;;;
;00:06:27;159;;;;;;;;;;;;;;;;;;;;;;;;;;;
;00:06:28;159;;;;;;;;;;;;;;;;;;;;;;;;;;;
;00:06:29;160;;;;;;;;;;;;;;;;;;;;;;;;;;;
;00:06:30;160;;;;;;;;;;;;;;;;;;;;;;;;;;;
;00:06:31;161;;;;;;;;;;;;;;;;;;;;;;;;;;;
;00:06:32;161;;;;;;;;;;;;;;;;;;;;;;;;;;;
;00:06:33;161;;;;;;;;;;;;;;;;;;;;;;;;;;;
;00:06:34;162;;;;;;;;;;;;;;;;;;;;;;;;;;;
;00:06:35;162;;;;;;;;;;;;;;;;;;;;;;;;;;;
;00:06:36;162;;;;;;;;;;;;;;;;;;;;;;;;;;;
;00:06:37;162;;;;;;;;;;;;;;;;;;;;;;;;;;;
;00:06:38;163;;;;;;;;;;;;;;;;;;;;;;;;;;;
;00:06:39;163;;;;;;;;;;;;;;;;;;;;;;;;;;;
;00:06:40;164;;;;;;;;;;;;;;;;;;;;;;;;;;;
;00:06:41;164;;;;;;;;;;;;;;;;;;;;;;;;;;;
;00:06:42;165;;;;;;;;;;;;;;;;;;;;;;;;;;;
;00:06:43;165;;;;;;;;;;;;;;;;;;;;;;;;;;;
;00:06:44;165;;;;;;;;;;;;;;;;;;;;;;;;;;;
;00:06:45;165;;;;;;;;;;;;;;;;;;;;;;;;;;;
;00:06:46;165;;;;;;;;;;;;;;;;;;;;;;;;;;;
;00:06:47;165;;;;;;;;;;;;;;;;;;;;;;;;;;;
;00:06:48;165;;;;;;;;;;;;;;;;;;;;;;;;;;;
;00:06:49;166;;;;;;;;;;;;;;;;;;;;;;;;;;;
;00:06:50;166;;;;;;;;;;;;;;;;;;;;;;;;;;;
;00:06:51;167;;;;;;;;;;;;;;;;;;;;;;;;;;;
;00:06:52;167;;;;;;;;;;;;;;;;;;;;;;;;;;;
;00:06:53;167;;;;;;;;;;;;;;;;;;;;;;;;;;;
;00:06:54;168;;;;;;;;;;;;;;;;;;;;;;;;;;;
;00:06:55;167;;;;;;;;;;;;;;;;;;;;;;;;;;;
;00:06:56;167;;;;;;;;;;;;;;;;;;;;;;;;;;;
;00:06:57;168;;;;;;;;;;;;;;;;;;;;;;;;;;;
;00:06:58;168;;;;;;;;;;;;;;;;;;;;;;;;;;;
;00:06:59;168;;;;;;;;;;;;;;;;;;;;;;;;;;;
;00:07:00;168;;;;;;;;;;;;;;;;;;;;;;;;;;;
;00:07:01;168;;;;;;;;;;;;;;;;;;;;;;;;;;;
;00:07:02;168;;;;;;;;;;;;;;;;;;;;;;;;;;;
;00:07:03;168;;;;;;;;;;;;;;;;;;;;;;;;;;;
;00:07:04;168;;;;;;;;;;;;;;;;;;;;;;;;;;;
;00:07:05;168;;;;;;;;;;;;;;;;;;;;;;;;;;;
;00:07:06;168;;;;;;;;;;;;;;;;;;;;;;;;;;;
;00:07:07;168;;;;;;;;;;;;;;;;;;;;;;;;;;;
;00:07:08;168;;;;;;;;;;;;;;;;;;;;;;;;;;;
;00:07:09;168;;;;;;;;;;;;;;;;;;;;;;;;;;;
;00:07:10;168;;;;;;;;;;;;;;;;;;;;;;;;;;;
;00:07:11;168;;;;;;;;;;;;;;;;;;;;;;;;;;;
;00:07:12;169;;;;;;;;;;;;;;;;;;;;;;;;;;;
;00:07:13;169;;;;;;;;;;;;;;;;;;;;;;;;;;;
;00:07:14;169;;;;;;;;;;;;;;;;;;;;;;;;;;;
;00:07:15;169;;;;;;;;;;;;;;;;;;;;;;;;;;;
;00:07:16;169;;;;;;;;;;;;;;;;;;;;;;;;;;;
;00:07:17;169;;;;;;;;;;;;;;;;;;;;;;;;;;;
;00:07:18;169;;;;;;;;;;;;;;;;;;;;;;;;;;;
;00:07:19;169;;;;;;;;;;;;;;;;;;;;;;;;;;;
;00:07:20;169;;;;;;;;;;;;;;;;;;;;;;;;;;;
;00:07:21;168;;;;;;;;;;;;;;;;;;;;;;;;;;;
;00:07:22;168;;;;;;;;;;;;;;;;;;;;;;;;;;;
;00:07:23;168;;;;;;;;;;;;;;;;;;;;;;;;;;;
;00:07:24;168;;;;;;;;;;;;;;;;;;;;;;;;;;;
;00:07:25;168;;;;;;;;;;;;;;;;;;;;;;;;;;;
;00:07:26;168;;;;;;;;;;;;;;;;;;;;;;;;;;;
;00:07:27;168;;;;;;;;;;;;;;;;;;;;;;;;;;;
;00:07:28;168;;;;;;;;;;;;;;;;;;;;;;;;;;;
;00:07:29;168;;;;;;;;;;;;;;;;;;;;;;;;;;;
;00:07:30;168;;;;;;;;;;;;;;;;;;;;;;;;;;;
;00:07:31;169;;;;;;;;;;;;;;;;;;;;;;;;;;;
;00:07:32;169;;;;;;;;;;;;;;;;;;;;;;;;;;;
;00:07:33;169;;;;;;;;;;;;;;;;;;;;;;;;;;;
;00:07:34;169;;;;;;;;;;;;;;;;;;;;;;;;;;;
;00:07:35;169;;;;;;;;;;;;;;;;;;;;;;;;;;;
;00:07:36;169;;;;;;;;;;;;;;;;;;;;;;;;;;;
;00:07:37;169;;;;;;;;;;;;;;;;;;;;;;;;;;;
;00:07:38;169;;;;;;;;;;;;;;;;;;;;;;;;;;;
;00:07:39;169;;;;;;;;;;;;;;;;;;;;;;;;;;;
;00:07:40;169;;;;;;;;;;;;;;;;;;;;;;;;;;;
;00:07:41;169;;;;;;;;;;;;;;;;;;;;;;;;;;;
;00:07:42;169;;;;;;;;;;;;;;;;;;;;;;;;;;;
;00:07:43;169;;;;;;;;;;;;;;;;;;;;;;;;;;;
;00:07:44;169;;;;;;;;;;;;;;;;;;;;;;;;;;;
;00:07:45;169;;;;;;;;;;;;;;;;;;;;;;;;;;;
;00:07:46;169;;;;;;;;;;;;;;;;;;;;;;;;;;;
;00:07:47;169;;;;;;;;;;;;;;;;;;;;;;;;;;;
;00:07:48;169;;;;;;;;;;;;;;;;;;;;;;;;;;;
;00:07:49;169;;;;;;;;;;;;;;;;;;;;;;;;;;;
;00:07:50;169;;;;;;;;;;;;;;;;;;;;;;;;;;;
;00:07:51;169;;;;;;;;;;;;;;;;;;;;;;;;;;;
;00:07:52;169;;;;;;;;;;;;;;;;;;;;;;;;;;;
;00:07:53;169;;;;;;;;;;;;;;;;;;;;;;;;;;;
;00:07:54;169;;;;;;;;;;;;;;;;;;;;;;;;;;;
;00:07:55;169;;;;;;;;;;;;;;;;;;;;;;;;;;;
;00:07:56;168;;;;;;;;;;;;;;;;;;;;;;;;;;;
;00:07:57;168;;;;;;;;;;;;;;;;;;;;;;;;;;;
;00:07:58;168;;;;;;;;;;;;;;;;;;;;;;;;;;;
;00:07:59;168;;;;;;;;;;;;;;;;;;;;;;;;;;;
;00:08:00;168;;;;;;;;;;;;;;;;;;;;;;;;;;;
;00:08:01;168;;;;;;;;;;;;;;;;;;;;;;;;;;;
;00:08:02;168;;;;;;;;;;;;;;;;;;;;;;;;;;;
;00:08:03;168;;;;;;;;;;;;;;;;;;;;;;;;;;;
;00:08:04;168;;;;;;;;;;;;;;;;;;;;;;;;;;;
;00:08:05;168;;;;;;;;;;;;;;;;;;;;;;;;;;;
;00:08:06;169;;;;;;;;;;;;;;;;;;;;;;;;;;;
;00:08:07;169;;;;;;;;;;;;;;;;;;;;;;;;;;;
;00:08:08;169;;;;;;;;;;;;;;;;;;;;;;;;;;;
;00:08:09;170;;;;;;;;;;;;;;;;;;;;;;;;;;;
;00:08:10;170;;;;;;;;;;;;;;;;;;;;;;;;;;;
;00:08:11;170;;;;;;;;;;;;;;;;;;;;;;;;;;;
;00:08:12;170;;;;;;;;;;;;;;;;;;;;;;;;;;;
;00:08:13;170;;;;;;;;;;;;;;;;;;;;;;;;;;;
;00:08:14;170;;;;;;;;;;;;;;;;;;;;;;;;;;;
;00:08:15;169;;;;;;;;;;;;;;;;;;;;;;;;;;;
;00:08:16;169;;;;;;;;;;;;;;;;;;;;;;;;;;;
;00:08:17;169;;;;;;;;;;;;;;;;;;;;;;;;;;;
;00:08:18;169;;;;;;;;;;;;;;;;;;;;;;;;;;;
;00:08:19;169;;;;;;;;;;;;;;;;;;;;;;;;;;;
;00:08:20;169;;;;;;;;;;;;;;;;;;;;;;;;;;;
;00:08:21;168;;;;;;;;;;;;;;;;;;;;;;;;;;;
;00:08:22;168;;;;;;;;;;;;;;;;;;;;;;;;;;;
;00:08:23;168;;;;;;;;;;;;;;;;;;;;;;;;;;;
;00:08:24;168;;;;;;;;;;;;;;;;;;;;;;;;;;;
;00:08:25;168;;;;;;;;;;;;;;;;;;;;;;;;;;;
;00:08:26;168;;;;;;;;;;;;;;;;;;;;;;;;;;;
;00:08:27;168;;;;;;;;;;;;;;;;;;;;;;;;;;;
;00:08:28;168;;;;;;;;;;;;;;;;;;;;;;;;;;;
;00:08:29;168;;;;;;;;;;;;;;;;;;;;;;;;;;;
;00:08:30;168;;;;;;;;;;;;;;;;;;;;;;;;;;;
;00:08:31;168;;;;;;;;;;;;;;;;;;;;;;;;;;;
;00:08:32;168;;;;;;;;;;;;;;;;;;;;;;;;;;;
;00:08:33;168;;;;;;;;;;;;;;;;;;;;;;;;;;;
;00:08:34;168;;;;;;;;;;;;;;;;;;;;;;;;;;;
;00:08:35;168;;;;;;;;;;;;;;;;;;;;;;;;;;;
;00:08:36;168;;;;;;;;;;;;;;;;;;;;;;;;;;;
;00:08:37;167;;;;;;;;;;;;;;;;;;;;;;;;;;;
;00:08:38;167;;;;;;;;;;;;;;;;;;;;;;;;;;;
;00:08:39;167;;;;;;;;;;;;;;;;;;;;;;;;;;;
;00:08:40;167;;;;;;;;;;;;;;;;;;;;;;;;;;;
;00:08:41;167;;;;;;;;;;;;;;;;;;;;;;;;;;;
;00:08:42;167;;;;;;;;;;;;;;;;;;;;;;;;;;;
;00:08:43;168;;;;;;;;;;;;;;;;;;;;;;;;;;;
;00:08:44;168;;;;;;;;;;;;;;;;;;;;;;;;;;;
;00:08:45;168;;;;;;;;;;;;;;;;;;;;;;;;;;;
;00:08:46;168;;;;;;;;;;;;;;;;;;;;;;;;;;;
;00:08:47;168;;;;;;;;;;;;;;;;;;;;;;;;;;;
;00:08:48;168;;;;;;;;;;;;;;;;;;;;;;;;;;;
;00:08:49;168;;;;;;;;;;;;;;;;;;;;;;;;;;;
;00:08:50;168;;;;;;;;;;;;;;;;;;;;;;;;;;;
;00:08:51;168;;;;;;;;;;;;;;;;;;;;;;;;;;;
;00:08:52;168;;;;;;;;;;;;;;;;;;;;;;;;;;;
;00:08:53;168;;;;;;;;;;;;;;;;;;;;;;;;;;;
;00:08:54;168;;;;;;;;;;;;;;;;;;;;;;;;;;;
;00:08:55;167;;;;;;;;;;;;;;;;;;;;;;;;;;;
;00:08:56;168;;;;;;;;;;;;;;;;;;;;;;;;;;;
;00:08:57;168;;;;;;;;;;;;;;;;;;;;;;;;;;;
;00:08:58;168;;;;;;;;;;;;;;;;;;;;;;;;;;;
;00:08:59;168;;;;;;;;;;;;;;;;;;;;;;;;;;;
;00:09:00;168;;;;;;;;;;;;;;;;;;;;;;;;;;;
;00:09:01;168;;;;;;;;;;;;;;;;;;;;;;;;;;;
;00:09:02;169;;;;;;;;;;;;;;;;;;;;;;;;;;;
;00:09:03;169;;;;;;;;;;;;;;;;;;;;;;;;;;;
;00:09:04;169;;;;;;;;;;;;;;;;;;;;;;;;;;;
;00:09:05;169;;;;;;;;;;;;;;;;;;;;;;;;;;;
;00:09:06;169;;;;;;;;;;;;;;;;;;;;;;;;;;;
;00:09:07;169;;;;;;;;;;;;;;;;;;;;;;;;;;;
;00:09:08;168;;;;;;;;;;;;;;;;;;;;;;;;;;;
;00:09:09;168;;;;;;;;;;;;;;;;;;;;;;;;;;;
;00:09:10;168;;;;;;;;;;;;;;;;;;;;;;;;;;;
;00:09:11;168;;;;;;;;;;;;;;;;;;;;;;;;;;;
;00:09:12;168;;;;;;;;;;;;;;;;;;;;;;;;;;;
;00:09:13;168;;;;;;;;;;;;;;;;;;;;;;;;;;;
;00:09:14;168;;;;;;;;;;;;;;;;;;;;;;;;;;;
;00:09:15;168;;;;;;;;;;;;;;;;;;;;;;;;;;;
;00:09:16;168;;;;;;;;;;;;;;;;;;;;;;;;;;;
;00:09:17;168;;;;;;;;;;;;;;;;;;;;;;;;;;;
;00:09:18;168;;;;;;;;;;;;;;;;;;;;;;;;;;;
;00:09:19;169;;;;;;;;;;;;;;;;;;;;;;;;;;;
;00:09:20;169;;;;;;;;;;;;;;;;;;;;;;;;;;;
;00:09:21;169;;;;;;;;;;;;;;;;;;;;;;;;;;;
;00:09:22;169;;;;;;;;;;;;;;;;;;;;;;;;;;;
;00:09:23;168;;;;;;;;;;;;;;;;;;;;;;;;;;;
;00:09:24;168;;;;;;;;;;;;;;;;;;;;;;;;;;;
;00:09:25;167;;;;;;;;;;;;;;;;;;;;;;;;;;;
;00:09:26;166;;;;;;;;;;;;;;;;;;;;;;;;;;;
;00:09:27;165;;;;;;;;;;;;;;;;;;;;;;;;;;;
;00:09:28;165;;;;;;;;;;;;;;;;;;;;;;;;;;;
;00:09:29;164;;;;;;;;;;;;;;;;;;;;;;;;;;;
;00:09:30;163;;;;;;;;;;;;;;;;;;;;;;;;;;;
;00:09:31;162;;;;;;;;;;;;;;;;;;;;;;;;;;;
;00:09:32;161;;;;;;;;;;;;;;;;;;;;;;;;;;;
;00:09:33;160;;;;;;;;;;;;;;;;;;;;;;;;;;;
;00:09:34;160;;;;;;;;;;;;;;;;;;;;;;;;;;;
;00:09:35;159;;;;;;;;;;;;;;;;;;;;;;;;;;;
;00:09:36;159;;;;;;;;;;;;;;;;;;;;;;;;;;;
;00:09:37;158;;;;;;;;;;;;;;;;;;;;;;;;;;;
;00:09:38;157;;;;;;;;;;;;;;;;;;;;;;;;;;;
;00:09:39;157;;;;;;;;;;;;;;;;;;;;;;;;;;;
;00:09:40;156;;;;;;;;;;;;;;;;;;;;;;;;;;;
;00:09:41;156;;;;;;;;;;;;;;;;;;;;;;;;;;;
;00:09:42;156;;;;;;;;;;;;;;;;;;;;;;;;;;;
;00:09:43;156;;;;;;;;;;;;;;;;;;;;;;;;;;;
;00:09:44;156;;;;;;;;;;;;;;;;;;;;;;;;;;;
;00:09:45;156;;;;;;;;;;;;;;;;;;;;;;;;;;;
;00:09:46;155;;;;;;;;;;;;;;;;;;;;;;;;;;;
;00:09:47;155;;;;;;;;;;;;;;;;;;;;;;;;;;;
;00:09:48;155;;;;;;;;;;;;;;;;;;;;;;;;;;;
;00:09:49;155;;;;;;;;;;;;;;;;;;;;;;;;;;;
;00:09:50;155;;;;;;;;;;;;;;;;;;;;;;;;;;;
;00:09:51;156;;;;;;;;;;;;;;;;;;;;;;;;;;;
;00:09:52;156;;;;;;;;;;;;;;;;;;;;;;;;;;;
;00:09:53;155;;;;;;;;;;;;;;;;;;;;;;;;;;;
;00:09:54;155;;;;;;;;;;;;;;;;;;;;;;;;;;;
;00:09:55;155;;;;;;;;;;;;;;;;;;;;;;;;;;;
;00:09:56;154;;;;;;;;;;;;;;;;;;;;;;;;;;;
;00:09:57;153;;;;;;;;;;;;;;;;;;;;;;;;;;;
;00:09:58;152;;;;;;;;;;;;;;;;;;;;;;;;;;;
;00:09:59;151;;;;;;;;;;;;;;;;;;;;;;;;;;;
;00:10:00;151;;;;;;;;;;;;;;;;;;;;;;;;;;;
;00:10:01;151;;;;;;;;;;;;;;;;;;;;;;;;;;;
;00:10:02;151;;;;;;;;;;;;;;;;;;;;;;;;;;;
;00:10:03;151;;;;;;;;;;;;;;;;;;;;;;;;;;;
;00:10:04;151;;;;;;;;;;;;;;;;;;;;;;;;;;;
;00:10:05;151;;;;;;;;;;;;;;;;;;;;;;;;;;;
;00:10:06;152;;;;;;;;;;;;;;;;;;;;;;;;;;;
;00:10:07;153;;;;;;;;;;;;;;;;;;;;;;;;;;;
;00:10:08;153;;;;;;;;;;;;;;;;;;;;;;;;;;;
;00:10:09;153;;;;;;;;;;;;;;;;;;;;;;;;;;;
;00:10:10;153;;;;;;;;;;;;;;;;;;;;;;;;;;;
;00:10:11;153;;;;;;;;;;;;;;;;;;;;;;;;;;;
;00:10:12;153;;;;;;;;;;;;;;;;;;;;;;;;;;;
;00:10:13;153;;;;;;;;;;;;;;;;;;;;;;;;;;;
;00:10:14;153;;;;;;;;;;;;;;;;;;;;;;;;;;;
;00:10:15;153;;;;;;;;;;;;;;;;;;;;;;;;;;;
;00:10:16;152;;;;;;;;;;;;;;;;;;;;;;;;;;;
;00:10:17;152;;;;;;;;;;;;;;;;;;;;;;;;;;;
;00:10:18;151;;;;;;;;;;;;;;;;;;;;;;;;;;;
;00:10:19;150;;;;;;;;;;;;;;;;;;;;;;;;;;;
;00:10:20;149;;;;;;;;;;;;;;;;;;;;;;;;;;;
;00:10:21;149;;;;;;;;;;;;;;;;;;;;;;;;;;;
;00:10:22;148;;;;;;;;;;;;;;;;;;;;;;;;;;;
;00:10:23;148;;;;;;;;;;;;;;;;;;;;;;;;;;;
;00:10:24;147;;;;;;;;;;;;;;;;;;;;;;;;;;;
;00:10:25;147;;;;;;;;;;;;;;;;;;;;;;;;;;;
;00:10:26;147;;;;;;;;;;;;;;;;;;;;;;;;;;;
;00:10:27;147;;;;;;;;;;;;;;;;;;;;;;;;;;;
;00:10:28;146;;;;;;;;;;;;;;;;;;;;;;;;;;;
;00:10:29;146;;;;;;;;;;;;;;;;;;;;;;;;;;;
;00:10:30;147;;;;;;;;;;;;;;;;;;;;;;;;;;;
;00:10:31;147;;;;;;;;;;;;;;;;;;;;;;;;;;;
;00:10:32;147;;;;;;;;;;;;;;;;;;;;;;;;;;;
;00:10:33;147;;;;;;;;;;;;;;;;;;;;;;;;;;;
;00:10:34;147;;;;;;;;;;;;;;;;;;;;;;;;;;;
;00:10:35;146;;;;;;;;;;;;;;;;;;;;;;;;;;;
;00:10:36;146;;;;;;;;;;;;;;;;;;;;;;;;;;;
;00:10:37;145;;;;;;;;;;;;;;;;;;;;;;;;;;;
;00:10:38;145;;;;;;;;;;;;;;;;;;;;;;;;;;;
;00:10:39;145;;;;;;;;;;;;;;;;;;;;;;;;;;;
;00:10:40;144;;;;;;;;;;;;;;;;;;;;;;;;;;;
;00:10:41;142;;;;;;;;;;;;;;;;;;;;;;;;;;;
;00:10:42;142;;;;;;;;;;;;;;;;;;;;;;;;;;;
;00:10:43;141;;;;;;;;;;;;;;;;;;;;;;;;;;;
;00:10:44;142;;;;;;;;;;;;;;;;;;;;;;;;;;;
;00:10:45;143;;;;;;;;;;;;;;;;;;;;;;;;;;;
;00:10:46;144;;;;;;;;;;;;;;;;;;;;;;;;;;;
;00:10:47;144;;;;;;;;;;;;;;;;;;;;;;;;;;;
;00:10:48;144;;;;;;;;;;;;;;;;;;;;;;;;;;;
;00:10:49;144;;;;;;;;;;;;;;;;;;;;;;;;;;;
;00:10:50;143;;;;;;;;;;;;;;;;;;;;;;;;;;;
;00:10:51;143;;;;;;;;;;;;;;;;;;;;;;;;;;;
;00:10:52;143;;;;;;;;;;;;;;;;;;;;;;;;;;;
;00:10:53;143;;;;;;;;;;;;;;;;;;;;;;;;;;;
;00:10:54;143;;;;;;;;;;;;;;;;;;;;;;;;;;;
;00:10:55;143;;;;;;;;;;;;;;;;;;;;;;;;;;;
;00:10:56;143;;;;;;;;;;;;;;;;;;;;;;;;;;;
;00:10:57;143;;;;;;;;;;;;;;;;;;;;;;;;;;;
;00:10:58;143;;;;;;;;;;;;;;;;;;;;;;;;;;;
;00:10:59;142;;;;;;;;;;;;;;;;;;;;;;;;;;;
;00:11:00;141;;;;;;;;;;;;;;;;;;;;;;;;;;;
;00:11:01;141;;;;;;;;;;;;;;;;;;;;;;;;;;;
;00:11:02;141;;;;;;;;;;;;;;;;;;;;;;;;;;;
;00:11:03;141;;;;;;;;;;;;;;;;;;;;;;;;;;;
;00:11:04;142;;;;;;;;;;;;;;;;;;;;;;;;;;;
;00:11:05;142;;;;;;;;;;;;;;;;;;;;;;;;;;;
;00:11:06;142;;;;;;;;;;;;;;;;;;;;;;;;;;;
;00:11:07;143;;;;;;;;;;;;;;;;;;;;;;;;;;;
;00:11:08;144;;;;;;;;;;;;;;;;;;;;;;;;;;;
;00:11:09;144;;;;;;;;;;;;;;;;;;;;;;;;;;;
;00:11:10;144;;;;;;;;;;;;;;;;;;;;;;;;;;;
;00:11:11;144;;;;;;;;;;;;;;;;;;;;;;;;;;;
;00:11:12;144;;;;;;;;;;;;;;;;;;;;;;;;;;;
;00:11:13;144;;;;;;;;;;;;;;;;;;;;;;;;;;;
;00:11:14;144;;;;;;;;;;;;;;;;;;;;;;;;;;;
;00:11:15;144;;;;;;;;;;;;;;;;;;;;;;;;;;;
;00:11:16;144;;;;;;;;;;;;;;;;;;;;;;;;;;;
;00:11:17;144;;;;;;;;;;;;;;;;;;;;;;;;;;;
;00:11:18;144;;;;;;;;;;;;;;;;;;;;;;;;;;;
;00:11:19;144;;;;;;;;;;;;;;;;;;;;;;;;;;;
;00:11:20;144;;;;;;;;;;;;;;;;;;;;;;;;;;;
;00:11:21;144;;;;;;;;;;;;;;;;;;;;;;;;;;;
;00:11:22;144;;;;;;;;;;;;;;;;;;;;;;;;;;;
;00:11:23;144;;;;;;;;;;;;;;;;;;;;;;;;;;;
;00:11:24;143;;;;;;;;;;;;;;;;;;;;;;;;;;;
;00:11:25;143;;;;;;;;;;;;;;;;;;;;;;;;;;;
;00:11:26;143;;;;;;;;;;;;;;;;;;;;;;;;;;;
;00:11:27;143;;;;;;;;;;;;;;;;;;;;;;;;;;;
;00:11:28;144;;;;;;;;;;;;;;;;;;;;;;;;;;;
;00:11:29;144;;;;;;;;;;;;;;;;;;;;;;;;;;;
;00:11:30;145;;;;;;;;;;;;;;;;;;;;;;;;;;;
;00:11:31;145;;;;;;;;;;;;;;;;;;;;;;;;;;;
;00:11:32;146;;;;;;;;;;;;;;;;;;;;;;;;;;;
;00:11:33;146;;;;;;;;;;;;;;;;;;;;;;;;;;;
;00:11:34;148;;;;;;;;;;;;;;;;;;;;;;;;;;;
;00:11:35;148;;;;;;;;;;;;;;;;;;;;;;;;;;;
;00:11:36;147;;;;;;;;;;;;;;;;;;;;;;;;;;;
;00:11:37;147;;;;;;;;;;;;;;;;;;;;;;;;;;;
;00:11:38;147;;;;;;;;;;;;;;;;;;;;;;;;;;;
;00:11:39;146;;;;;;;;;;;;;;;;;;;;;;;;;;;
;00:11:40;146;;;;;;;;;;;;;;;;;;;;;;;;;;;
;00:11:41;146;;;;;;;;;;;;;;;;;;;;;;;;;;;
;00:11:42;146;;;;;;;;;;;;;;;;;;;;;;;;;;;
;00:11:43;146;;;;;;;;;;;;;;;;;;;;;;;;;;;
;00:11:44;145;;;;;;;;;;;;;;;;;;;;;;;;;;;
;00:11:45;145;;;;;;;;;;;;;;;;;;;;;;;;;;;
;00:11:46;145;;;;;;;;;;;;;;;;;;;;;;;;;;;
;00:11:47;145;;;;;;;;;;;;;;;;;;;;;;;;;;;
;00:11:48;145;;;;;;;;;;;;;;;;;;;;;;;;;;;
;00:11:49;145;;;;;;;;;;;;;;;;;;;;;;;;;;;
;00:11:50;145;;;;;;;;;;;;;;;;;;;;;;;;;;;
;00:11:51;145;;;;;;;;;;;;;;;;;;;;;;;;;;;
;00:11:52;145;;;;;;;;;;;;;;;;;;;;;;;;;;;
;00:11:53;144;;;;;;;;;;;;;;;;;;;;;;;;;;;
;00:11:54;144;;;;;;;;;;;;;;;;;;;;;;;;;;;
;00:11:55;145;;;;;;;;;;;;;;;;;;;;;;;;;;;
;00:11:56;145;;;;;;;;;;;;;;;;;;;;;;;;;;;
;00:11:57;146;;;;;;;;;;;;;;;;;;;;;;;;;;;
;00:11:58;146;;;;;;;;;;;;;;;;;;;;;;;;;;;
;00:11:59;146;;;;;;;;;;;;;;;;;;;;;;;;;;;
;00:12:00;146;;;;;;;;;;;;;;;;;;;;;;;;;;;
;00:12:01;146;;;;;;;;;;;;;;;;;;;;;;;;;;;
;00:12:02;147;;;;;;;;;;;;;;;;;;;;;;;;;;;
;00:12:03;147;;;;;;;;;;;;;;;;;;;;;;;;;;;
;00:12:04;147;;;;;;;;;;;;;;;;;;;;;;;;;;;
;00:12:05;148;;;;;;;;;;;;;;;;;;;;;;;;;;;
;00:12:06;148;;;;;;;;;;;;;;;;;;;;;;;;;;;
;00:12:07;148;;;;;;;;;;;;;;;;;;;;;;;;;;;
;00:12:08;148;;;;;;;;;;;;;;;;;;;;;;;;;;;
;00:12:09;148;;;;;;;;;;;;;;;;;;;;;;;;;;;
;00:12:10;148;;;;;;;;;;;;;;;;;;;;;;;;;;;
;00:12:11;149;;;;;;;;;;;;;;;;;;;;;;;;;;;
;00:12:12;148;;;;;;;;;;;;;;;;;;;;;;;;;;;
;00:12:13;148;;;;;;;;;;;;;;;;;;;;;;;;;;;
;00:12:14;148;;;;;;;;;;;;;;;;;;;;;;;;;;;
;00:12:15;149;;;;;;;;;;;;;;;;;;;;;;;;;;;
;00:12:16;149;;;;;;;;;;;;;;;;;;;;;;;;;;;
;00:12:17;149;;;;;;;;;;;;;;;;;;;;;;;;;;;
;00:12:18;149;;;;;;;;;;;;;;;;;;;;;;;;;;;
;00:12:19;149;;;;;;;;;;;;;;;;;;;;;;;;;;;
;00:12:20;149;;;;;;;;;;;;;;;;;;;;;;;;;;;
;00:12:21;149;;;;;;;;;;;;;;;;;;;;;;;;;;;
;00:12:22;149;;;;;;;;;;;;;;;;;;;;;;;;;;;
;00:12:23;149;;;;;;;;;;;;;;;;;;;;;;;;;;;
;00:12:24;149;;;;;;;;;;;;;;;;;;;;;;;;;;;
;00:12:25;149;;;;;;;;;;;;;;;;;;;;;;;;;;;
;00:12:26;149;;;;;;;;;;;;;;;;;;;;;;;;;;;
;00:12:27;149;;;;;;;;;;;;;;;;;;;;;;;;;;;
;00:12:28;150;;;;;;;;;;;;;;;;;;;;;;;;;;;
;00:12:29;150;;;;;;;;;;;;;;;;;;;;;;;;;;;
;00:12:30;151;;;;;;;;;;;;;;;;;;;;;;;;;;;
;00:12:31;152;;;;;;;;;;;;;;;;;;;;;;;;;;;
;00:12:32;152;;;;;;;;;;;;;;;;;;;;;;;;;;;
;00:12:33;153;;;;;;;;;;;;;;;;;;;;;;;;;;;
;00:12:34;154;;;;;;;;;;;;;;;;;;;;;;;;;;;
;00:12:35;155;;;;;;;;;;;;;;;;;;;;;;;;;;;
;00:12:36;155;;;;;;;;;;;;;;;;;;;;;;;;;;;
;00:12:37;156;;;;;;;;;;;;;;;;;;;;;;;;;;;
;00:12:38;156;;;;;;;;;;;;;;;;;;;;;;;;;;;
;00:12:39;156;;;;;;;;;;;;;;;;;;;;;;;;;;;
;00:12:40;157;;;;;;;;;;;;;;;;;;;;;;;;;;;
;00:12:41;157;;;;;;;;;;;;;;;;;;;;;;;;;;;
;00:12:42;157;;;;;;;;;;;;;;;;;;;;;;;;;;;
;00:12:43;157;;;;;;;;;;;;;;;;;;;;;;;;;;;
;00:12:44;157;;;;;;;;;;;;;;;;;;;;;;;;;;;
;00:12:45;157;;;;;;;;;;;;;;;;;;;;;;;;;;;
;00:12:46;157;;;;;;;;;;;;;;;;;;;;;;;;;;;
;00:12:47;157;;;;;;;;;;;;;;;;;;;;;;;;;;;
;00:12:48;157;;;;;;;;;;;;;;;;;;;;;;;;;;;
;00:12:49;157;;;;;;;;;;;;;;;;;;;;;;;;;;;
;00:12:50;157;;;;;;;;;;;;;;;;;;;;;;;;;;;
;00:12:51;157;;;;;;;;;;;;;;;;;;;;;;;;;;;
;00:12:52;157;;;;;;;;;;;;;;;;;;;;;;;;;;;
;00:12:53;157;;;;;;;;;;;;;;;;;;;;;;;;;;;
;00:12:54;157;;;;;;;;;;;;;;;;;;;;;;;;;;;
;00:12:55;157;;;;;;;;;;;;;;;;;;;;;;;;;;;
;00:12:56;157;;;;;;;;;;;;;;;;;;;;;;;;;;;
;00:12:57;158;;;;;;;;;;;;;;;;;;;;;;;;;;;
;00:12:58;158;;;;;;;;;;;;;;;;;;;;;;;;;;;
;00:12:59;158;;;;;;;;;;;;;;;;;;;;;;;;;;;
;00:13:00;159;;;;;;;;;;;;;;;;;;;;;;;;;;;
;00:13:01;159;;;;;;;;;;;;;;;;;;;;;;;;;;;
;00:13:02;159;;;;;;;;;;;;;;;;;;;;;;;;;;;
;00:13:03;160;;;;;;;;;;;;;;;;;;;;;;;;;;;
;00:13:04;161;;;;;;;;;;;;;;;;;;;;;;;;;;;
;00:13:05;161;;;;;;;;;;;;;;;;;;;;;;;;;;;
;00:13:06;162;;;;;;;;;;;;;;;;;;;;;;;;;;;
;00:13:07;162;;;;;;;;;;;;;;;;;;;;;;;;;;;
;00:13:08;163;;;;;;;;;;;;;;;;;;;;;;;;;;;
;00:13:09;164;;;;;;;;;;;;;;;;;;;;;;;;;;;
;00:13:10;164;;;;;;;;;;;;;;;;;;;;;;;;;;;
;00:13:11;164;;;;;;;;;;;;;;;;;;;;;;;;;;;
;00:13:12;164;;;;;;;;;;;;;;;;;;;;;;;;;;;
;00:13:13;164;;;;;;;;;;;;;;;;;;;;;;;;;;;
;00:13:14;164;;;;;;;;;;;;;;;;;;;;;;;;;;;
;00:13:15;164;;;;;;;;;;;;;;;;;;;;;;;;;;;
;00:13:16;164;;;;;;;;;;;;;;;;;;;;;;;;;;;
;00:13:17;164;;;;;;;;;;;;;;;;;;;;;;;;;;;
;00:13:18;164;;;;;;;;;;;;;;;;;;;;;;;;;;;
;00:13:19;164;;;;;;;;;;;;;;;;;;;;;;;;;;;
;00:13:20;163;;;;;;;;;;;;;;;;;;;;;;;;;;;
;00:13:21;163;;;;;;;;;;;;;;;;;;;;;;;;;;;
;00:13:22;163;;;;;;;;;;;;;;;;;;;;;;;;;;;
;00:13:23;163;;;;;;;;;;;;;;;;;;;;;;;;;;;
;00:13:24;163;;;;;;;;;;;;;;;;;;;;;;;;;;;
;00:13:25;163;;;;;;;;;;;;;;;;;;;;;;;;;;;
;00:13:26;163;;;;;;;;;;;;;;;;;;;;;;;;;;;
;00:13:27;163;;;;;;;;;;;;;;;;;;;;;;;;;;;
;00:13:28;163;;;;;;;;;;;;;;;;;;;;;;;;;;;
;00:13:29;164;;;;;;;;;;;;;;;;;;;;;;;;;;;
;00:13:30;164;;;;;;;;;;;;;;;;;;;;;;;;;;;
;00:13:31;164;;;;;;;;;;;;;;;;;;;;;;;;;;;
;00:13:32;165;;;;;;;;;;;;;;;;;;;;;;;;;;;
;00:13:33;165;;;;;;;;;;;;;;;;;;;;;;;;;;;
;00:13:34;165;;;;;;;;;;;;;;;;;;;;;;;;;;;
;00:13:35;165;;;;;;;;;;;;;;;;;;;;;;;;;;;
;00:13:36;165;;;;;;;;;;;;;;;;;;;;;;;;;;;
;00:13:37;166;;;;;;;;;;;;;;;;;;;;;;;;;;;
;00:13:38;166;;;;;;;;;;;;;;;;;;;;;;;;;;;
;00:13:39;166;;;;;;;;;;;;;;;;;;;;;;;;;;;
;00:13:40;166;;;;;;;;;;;;;;;;;;;;;;;;;;;
;00:13:41;166;;;;;;;;;;;;;;;;;;;;;;;;;;;
;00:13:42;166;;;;;;;;;;;;;;;;;;;;;;;;;;;
;00:13:43;167;;;;;;;;;;;;;;;;;;;;;;;;;;;
;00:13:44;166;;;;;;;;;;;;;;;;;;;;;;;;;;;
;00:13:45;167;;;;;;;;;;;;;;;;;;;;;;;;;;;
;00:13:46;167;;;;;;;;;;;;;;;;;;;;;;;;;;;
;00:13:47;167;;;;;;;;;;;;;;;;;;;;;;;;;;;
;00:13:48;166;;;;;;;;;;;;;;;;;;;;;;;;;;;
;00:13:49;166;;;;;;;;;;;;;;;;;;;;;;;;;;;
;00:13:50;166;;;;;;;;;;;;;;;;;;;;;;;;;;;
;00:13:51;166;;;;;;;;;;;;;;;;;;;;;;;;;;;
;00:13:52;167;;;;;;;;;;;;;;;;;;;;;;;;;;;
;00:13:53;167;;;;;;;;;;;;;;;;;;;;;;;;;;;
;00:13:54;167;;;;;;;;;;;;;;;;;;;;;;;;;;;
;00:13:55;167;;;;;;;;;;;;;;;;;;;;;;;;;;;
;00:13:56;167;;;;;;;;;;;;;;;;;;;;;;;;;;;
;00:13:57;167;;;;;;;;;;;;;;;;;;;;;;;;;;;
;00:13:58;167;;;;;;;;;;;;;;;;;;;;;;;;;;;
;00:13:59;167;;;;;;;;;;;;;;;;;;;;;;;;;;;
;00:14:00;167;;;;;;;;;;;;;;;;;;;;;;;;;;;
;00:14:01;166;;;;;;;;;;;;;;;;;;;;;;;;;;;
;00:14:02;167;;;;;;;;;;;;;;;;;;;;;;;;;;;
;00:14:03;167;;;;;;;;;;;;;;;;;;;;;;;;;;;
;00:14:04;167;;;;;;;;;;;;;;;;;;;;;;;;;;;
;00:14:05;167;;;;;;;;;;;;;;;;;;;;;;;;;;;
;00:14:06;168;;;;;;;;;;;;;;;;;;;;;;;;;;;
;00:14:07;168;;;;;;;;;;;;;;;;;;;;;;;;;;;
;00:14:08;168;;;;;;;;;;;;;;;;;;;;;;;;;;;
;00:14:09;169;;;;;;;;;;;;;;;;;;;;;;;;;;;
;00:14:10;169;;;;;;;;;;;;;;;;;;;;;;;;;;;
;00:14:11;168;;;;;;;;;;;;;;;;;;;;;;;;;;;
;00:14:12;168;;;;;;;;;;;;;;;;;;;;;;;;;;;
;00:14:13;168;;;;;;;;;;;;;;;;;;;;;;;;;;;
;00:14:14;168;;;;;;;;;;;;;;;;;;;;;;;;;;;
;00:14:15;168;;;;;;;;;;;;;;;;;;;;;;;;;;;
;00:14:16;168;;;;;;;;;;;;;;;;;;;;;;;;;;;
;00:14:17;168;;;;;;;;;;;;;;;;;;;;;;;;;;;
;00:14:18;168;;;;;;;;;;;;;;;;;;;;;;;;;;;
;00:14:19;167;;;;;;;;;;;;;;;;;;;;;;;;;;;
;00:14:20;167;;;;;;;;;;;;;;;;;;;;;;;;;;;
;00:14:21;167;;;;;;;;;;;;;;;;;;;;;;;;;;;
;00:14:22;167;;;;;;;;;;;;;;;;;;;;;;;;;;;
;00:14:23;167;;;;;;;;;;;;;;;;;;;;;;;;;;;
;00:14:24;167;;;;;;;;;;;;;;;;;;;;;;;;;;;
;00:14:25;166;;;;;;;;;;;;;;;;;;;;;;;;;;;
;00:14:26;166;;;;;;;;;;;;;;;;;;;;;;;;;;;
;00:14:27;165;;;;;;;;;;;;;;;;;;;;;;;;;;;
;00:14:28;165;;;;;;;;;;;;;;;;;;;;;;;;;;;
;00:14:29;165;;;;;;;;;;;;;;;;;;;;;;;;;;;
;00:14:30;165;;;;;;;;;;;;;;;;;;;;;;;;;;;
;00:14:31;166;;;;;;;;;;;;;;;;;;;;;;;;;;;
;00:14:32;166;;;;;;;;;;;;;;;;;;;;;;;;;;;
;00:14:33;166;;;;;;;;;;;;;;;;;;;;;;;;;;;
;00:14:34;166;;;;;;;;;;;;;;;;;;;;;;;;;;;
;00:14:35;165;;;;;;;;;;;;;;;;;;;;;;;;;;;
;00:14:36;166;;;;;;;;;;;;;;;;;;;;;;;;;;;
;00:14:37;166;;;;;;;;;;;;;;;;;;;;;;;;;;;
;00:14:38;166;;;;;;;;;;;;;;;;;;;;;;;;;;;
;00:14:39;165;;;;;;;;;;;;;;;;;;;;;;;;;;;
;00:14:40;165;;;;;;;;;;;;;;;;;;;;;;;;;;;
;00:14:41;165;;;;;;;;;;;;;;;;;;;;;;;;;;;
;00:14:42;165;;;;;;;;;;;;;;;;;;;;;;;;;;;
;00:14:43;165;;;;;;;;;;;;;;;;;;;;;;;;;;;
;00:14:44;165;;;;;;;;;;;;;;;;;;;;;;;;;;;
;00:14:45;165;;;;;;;;;;;;;;;;;;;;;;;;;;;
;00:14:46;165;;;;;;;;;;;;;;;;;;;;;;;;;;;
;00:14:47;165;;;;;;;;;;;;;;;;;;;;;;;;;;;
;00:14:48;165;;;;;;;;;;;;;;;;;;;;;;;;;;;
;00:14:49;166;;;;;;;;;;;;;;;;;;;;;;;;;;;
;00:14:50;166;;;;;;;;;;;;;;;;;;;;;;;;;;;
;00:14:51;166;;;;;;;;;;;;;;;;;;;;;;;;;;;
;00:14:52;166;;;;;;;;;;;;;;;;;;;;;;;;;;;
;00:14:53;166;;;;;;;;;;;;;;;;;;;;;;;;;;;
;00:14:54;166;;;;;;;;;;;;;;;;;;;;;;;;;;;
;00:14:55;166;;;;;;;;;;;;;;;;;;;;;;;;;;;
;00:14:56;166;;;;;;;;;;;;;;;;;;;;;;;;;;;
;00:14:57;166;;;;;;;;;;;;;;;;;;;;;;;;;;;
;00:14:58;166;;;;;;;;;;;;;;;;;;;;;;;;;;;
;00:14:59;166;;;;;;;;;;;;;;;;;;;;;;;;;;;
;00:15:00;166;;;;;;;;;;;;;;;;;;;;;;;;;;;
;00:15:01;166;;;;;;;;;;;;;;;;;;;;;;;;;;;
;00:15:02;165;;;;;;;;;;;;;;;;;;;;;;;;;;;
;00:15:03;165;;;;;;;;;;;;;;;;;;;;;;;;;;;
;00:15:04;165;;;;;;;;;;;;;;;;;;;;;;;;;;;
;00:15:05;165;;;;;;;;;;;;;;;;;;;;;;;;;;;
;00:15:06;165;;;;;;;;;;;;;;;;;;;;;;;;;;;
;00:15:07;165;;;;;;;;;;;;;;;;;;;;;;;;;;;
;00:15:08;165;;;;;;;;;;;;;;;;;;;;;;;;;;;
;00:15:09;165;;;;;;;;;;;;;;;;;;;;;;;;;;;
;00:15:10;165;;;;;;;;;;;;;;;;;;;;;;;;;;;
;00:15:11;165;;;;;;;;;;;;;;;;;;;;;;;;;;;
;00:15:12;165;;;;;;;;;;;;;;;;;;;;;;;;;;;
;00:15:13;166;;;;;;;;;;;;;;;;;;;;;;;;;;;
;00:15:14;165;;;;;;;;;;;;;;;;;;;;;;;;;;;
;00:15:15;166;;;;;;;;;;;;;;;;;;;;;;;;;;;
;00:15:16;166;;;;;;;;;;;;;;;;;;;;;;;;;;;
;00:15:17;165;;;;;;;;;;;;;;;;;;;;;;;;;;;
;00:15:18;166;;;;;;;;;;;;;;;;;;;;;;;;;;;
;00:15:19;165;;;;;;;;;;;;;;;;;;;;;;;;;;;
;00:15:20;165;;;;;;;;;;;;;;;;;;;;;;;;;;;
;00:15:21;165;;;;;;;;;;;;;;;;;;;;;;;;;;;
;00:15:22;165;;;;;;;;;;;;;;;;;;;;;;;;;;;
;00:15:23;164;;;;;;;;;;;;;;;;;;;;;;;;;;;
;00:15:24;164;;;;;;;;;;;;;;;;;;;;;;;;;;;
;00:15:25;164;;;;;;;;;;;;;;;;;;;;;;;;;;;
;00:15:26;165;;;;;;;;;;;;;;;;;;;;;;;;;;;
;00:15:27;165;;;;;;;;;;;;;;;;;;;;;;;;;;;
;00:15:28;165;;;;;;;;;;;;;;;;;;;;;;;;;;;
;00:15:29;166;;;;;;;;;;;;;;;;;;;;;;;;;;;
;00:15:30;166;;;;;;;;;;;;;;;;;;;;;;;;;;;
;00:15:31;166;;;;;;;;;;;;;;;;;;;;;;;;;;;
;00:15:32;166;;;;;;;;;;;;;;;;;;;;;;;;;;;
;00:15:33;167;;;;;;;;;;;;;;;;;;;;;;;;;;;
;00:15:34;167;;;;;;;;;;;;;;;;;;;;;;;;;;;
;00:15:35;167;;;;;;;;;;;;;;;;;;;;;;;;;;;
;00:15:36;167;;;;;;;;;;;;;;;;;;;;;;;;;;;
;00:15:37;167;;;;;;;;;;;;;;;;;;;;;;;;;;;
;00:15:38;167;;;;;;;;;;;;;;;;;;;;;;;;;;;
;00:15:39;167;;;;;;;;;;;;;;;;;;;;;;;;;;;
;00:15:40;167;;;;;;;;;;;;;;;;;;;;;;;;;;;
;00:15:41;167;;;;;;;;;;;;;;;;;;;;;;;;;;;
;00:15:42;167;;;;;;;;;;;;;;;;;;;;;;;;;;;
;00:15:43;167;;;;;;;;;;;;;;;;;;;;;;;;;;;
;00:15:44;167;;;;;;;;;;;;;;;;;;;;;;;;;;;
;00:15:45;167;;;;;;;;;;;;;;;;;;;;;;;;;;;
;00:15:46;168;;;;;;;;;;;;;;;;;;;;;;;;;;;
;00:15:47;168;;;;;;;;;;;;;;;;;;;;;;;;;;;
;00:15:48;168;;;;;;;;;;;;;;;;;;;;;;;;;;;
;00:15:49;168;;;;;;;;;;;;;;;;;;;;;;;;;;;
;00:15:50;168;;;;;;;;;;;;;;;;;;;;;;;;;;;
;00:15:51;168;;;;;;;;;;;;;;;;;;;;;;;;;;;
;00:15:52;168;;;;;;;;;;;;;;;;;;;;;;;;;;;
;00:15:53;168;;;;;;;;;;;;;;;;;;;;;;;;;;;
;00:15:54;168;;;;;;;;;;;;;;;;;;;;;;;;;;;
;00:15:55;168;;;;;;;;;;;;;;;;;;;;;;;;;;;
;00:15:56;168;;;;;;;;;;;;;;;;;;;;;;;;;;;
;00:15:57;168;;;;;;;;;;;;;;;;;;;;;;;;;;;
;00:15:58;168;;;;;;;;;;;;;;;;;;;;;;;;;;;
;00:15:59;167;;;;;;;;;;;;;;;;;;;;;;;;;;;
;00:16:00;167;;;;;;;;;;;;;;;;;;;;;;;;;;;
;00:16:01;167;;;;;;;;;;;;;;;;;;;;;;;;;;;
;00:16:02;167;;;;;;;;;;;;;;;;;;;;;;;;;;;
;00:16:03;166;;;;;;;;;;;;;;;;;;;;;;;;;;;
;00:16:04;167;;;;;;;;;;;;;;;;;;;;;;;;;;;
;00:16:05;166;;;;;;;;;;;;;;;;;;;;;;;;;;;
;00:16:06;166;;;;;;;;;;;;;;;;;;;;;;;;;;;
;00:16:07;166;;;;;;;;;;;;;;;;;;;;;;;;;;;
;00:16:08;166;;;;;;;;;;;;;;;;;;;;;;;;;;;
;00:16:09;166;;;;;;;;;;;;;;;;;;;;;;;;;;;
;00:16:10;167;;;;;;;;;;;;;;;;;;;;;;;;;;;
;00:16:11;167;;;;;;;;;;;;;;;;;;;;;;;;;;;
;00:16:12;167;;;;;;;;;;;;;;;;;;;;;;;;;;;
;00:16:13;167;;;;;;;;;;;;;;;;;;;;;;;;;;;
;00:16:14;168;;;;;;;;;;;;;;;;;;;;;;;;;;;
;00:16:15;168;;;;;;;;;;;;;;;;;;;;;;;;;;;
;00:16:16;168;;;;;;;;;;;;;;;;;;;;;;;;;;;
;00:16:17;168;;;;;;;;;;;;;;;;;;;;;;;;;;;
;00:16:18;168;;;;;;;;;;;;;;;;;;;;;;;;;;;
;00:16:19;168;;;;;;;;;;;;;;;;;;;;;;;;;;;
;00:16:20;168;;;;;;;;;;;;;;;;;;;;;;;;;;;
;00:16:21;169;;;;;;;;;;;;;;;;;;;;;;;;;;;
;00:16:22;169;;;;;;;;;;;;;;;;;;;;;;;;;;;
;00:16:23;168;;;;;;;;;;;;;;;;;;;;;;;;;;;
;00:16:24;168;;;;;;;;;;;;;;;;;;;;;;;;;;;
;00:16:25;168;;;;;;;;;;;;;;;;;;;;;;;;;;;
;00:16:26;167;;;;;;;;;;;;;;;;;;;;;;;;;;;
;00:16:27;167;;;;;;;;;;;;;;;;;;;;;;;;;;;
;00:16:28;166;;;;;;;;;;;;;;;;;;;;;;;;;;;
;00:16:29;166;;;;;;;;;;;;;;;;;;;;;;;;;;;
;00:16:30;166;;;;;;;;;;;;;;;;;;;;;;;;;;;
;00:16:31;165;;;;;;;;;;;;;;;;;;;;;;;;;;;
;00:16:32;165;;;;;;;;;;;;;;;;;;;;;;;;;;;
;00:16:33;165;;;;;;;;;;;;;;;;;;;;;;;;;;;
;00:16:34;165;;;;;;;;;;;;;;;;;;;;;;;;;;;
;00:16:35;165;;;;;;;;;;;;;;;;;;;;;;;;;;;
;00:16:36;165;;;;;;;;;;;;;;;;;;;;;;;;;;;
;00:16:37;165;;;;;;;;;;;;;;;;;;;;;;;;;;;
;00:16:38;165;;;;;;;;;;;;;;;;;;;;;;;;;;;
;00:16:39;166;;;;;;;;;;;;;;;;;;;;;;;;;;;
;00:16:40;165;;;;;;;;;;;;;;;;;;;;;;;;;;;
;00:16:41;165;;;;;;;;;;;;;;;;;;;;;;;;;;;
;00:16:42;165;;;;;;;;;;;;;;;;;;;;;;;;;;;
;00:16:43;164;;;;;;;;;;;;;;;;;;;;;;;;;;;
;00:16:44;164;;;;;;;;;;;;;;;;;;;;;;;;;;;
;00:16:45;164;;;;;;;;;;;;;;;;;;;;;;;;;;;
;00:16:46;164;;;;;;;;;;;;;;;;;;;;;;;;;;;
;00:16:47;164;;;;;;;;;;;;;;;;;;;;;;;;;;;
;00:16:48;163;;;;;;;;;;;;;;;;;;;;;;;;;;;
;00:16:49;163;;;;;;;;;;;;;;;;;;;;;;;;;;;
;00:16:50;163;;;;;;;;;;;;;;;;;;;;;;;;;;;
;00:16:51;162;;;;;;;;;;;;;;;;;;;;;;;;;;;
;00:16:52;162;;;;;;;;;;;;;;;;;;;;;;;;;;;
;00:16:53;161;;;;;;;;;;;;;;;;;;;;;;;;;;;
;00:16:54;161;;;;;;;;;;;;;;;;;;;;;;;;;;;
;00:16:55;161;;;;;;;;;;;;;;;;;;;;;;;;;;;
;00:16:56;161;;;;;;;;;;;;;;;;;;;;;;;;;;;
;00:16:57;161;;;;;;;;;;;;;;;;;;;;;;;;;;;
;00:16:58;161;;;;;;;;;;;;;;;;;;;;;;;;;;;
;00:16:59;161;;;;;;;;;;;;;;;;;;;;;;;;;;;
;00:17:00;161;;;;;;;;;;;;;;;;;;;;;;;;;;;
;00:17:01;160;;;;;;;;;;;;;;;;;;;;;;;;;;;
;00:17:02;160;;;;;;;;;;;;;;;;;;;;;;;;;;;
;00:17:03;159;;;;;;;;;;;;;;;;;;;;;;;;;;;
;00:17:04;159;;;;;;;;;;;;;;;;;;;;;;;;;;;
;00:17:05;159;;;;;;;;;;;;;;;;;;;;;;;;;;;
;00:17:06;159;;;;;;;;;;;;;;;;;;;;;;;;;;;
;00:17:07;159;;;;;;;;;;;;;;;;;;;;;;;;;;;
;00:17:08;158;;;;;;;;;;;;;;;;;;;;;;;;;;;
;00:17:09;158;;;;;;;;;;;;;;;;;;;;;;;;;;;
;00:17:10;158;;;;;;;;;;;;;;;;;;;;;;;;;;;
;00:17:11;157;;;;;;;;;;;;;;;;;;;;;;;;;;;
;00:17:12;156;;;;;;;;;;;;;;;;;;;;;;;;;;;
;00:17:13;156;;;;;;;;;;;;;;;;;;;;;;;;;;;
;00:17:14;155;;;;;;;;;;;;;;;;;;;;;;;;;;;
;00:17:15;155;;;;;;;;;;;;;;;;;;;;;;;;;;;
;00:17:16;154;;;;;;;;;;;;;;;;;;;;;;;;;;;
;00:17:17;154;;;;;;;;;;;;;;;;;;;;;;;;;;;
;00:17:18;153;;;;;;;;;;;;;;;;;;;;;;;;;;;
;00:17:19;152;;;;;;;;;;;;;;;;;;;;;;;;;;;
;00:17:20;151;;;;;;;;;;;;;;;;;;;;;;;;;;;
;00:17:21;151;;;;;;;;;;;;;;;;;;;;;;;;;;;
;00:17:22;150;;;;;;;;;;;;;;;;;;;;;;;;;;;
;00:17:23;150;;;;;;;;;;;;;;;;;;;;;;;;;;;
;00:17:24;150;;;;;;;;;;;;;;;;;;;;;;;;;;;
;00:17:25;151;;;;;;;;;;;;;;;;;;;;;;;;;;;
;00:17:26;150;;;;;;;;;;;;;;;;;;;;;;;;;;;
;00:17:27;150;;;;;;;;;;;;;;;;;;;;;;;;;;;
;00:17:28;150;;;;;;;;;;;;;;;;;;;;;;;;;;;
;00:17:29;149;;;;;;;;;;;;;;;;;;;;;;;;;;;
;00:17:30;149;;;;;;;;;;;;;;;;;;;;;;;;;;;
;00:17:31;149;;;;;;;;;;;;;;;;;;;;;;;;;;;
;00:17:32;149;;;;;;;;;;;;;;;;;;;;;;;;;;;
;00:17:33;149;;;;;;;;;;;;;;;;;;;;;;;;;;;
;00:17:34;149;;;;;;;;;;;;;;;;;;;;;;;;;;;
;00:17:35;149;;;;;;;;;;;;;;;;;;;;;;;;;;;
;00:17:36;149;;;;;;;;;;;;;;;;;;;;;;;;;;;
;00:17:37;149;;;;;;;;;;;;;;;;;;;;;;;;;;;
;00:17:38;149;;;;;;;;;;;;;;;;;;;;;;;;;;;
;00:17:39;148;;;;;;;;;;;;;;;;;;;;;;;;;;;
;00:17:40;148;;;;;;;;;;;;;;;;;;;;;;;;;;;
;00:17:41;147;;;;;;;;;;;;;;;;;;;;;;;;;;;
;00:17:42;147;;;;;;;;;;;;;;;;;;;;;;;;;;;
;00:17:43;147;;;;;;;;;;;;;;;;;;;;;;;;;;;
;00:17:44;147;;;;;;;;;;;;;;;;;;;;;;;;;;;
;00:17:45;147;;;;;;;;;;;;;;;;;;;;;;;;;;;
;00:17:46;147;;;;;;;;;;;;;;;;;;;;;;;;;;;
;00:17:47;147;;;;;;;;;;;;;;;;;;;;;;;;;;;
;00:17:48;147;;;;;;;;;;;;;;;;;;;;;;;;;;;
;00:17:49;147;;;;;;;;;;;;;;;;;;;;;;;;;;;
;00:17:50;147;;;;;;;;;;;;;;;;;;;;;;;;;;;
;00:17:51;147;;;;;;;;;;;;;;;;;;;;;;;;;;;
;00:17:52;147;;;;;;;;;;;;;;;;;;;;;;;;;;;
;00:17:53;147;;;;;;;;;;;;;;;;;;;;;;;;;;;
;00:17:54;147;;;;;;;;;;;;;;;;;;;;;;;;;;;
;00:17:55;148;;;;;;;;;;;;;;;;;;;;;;;;;;;
;00:17:56;148;;;;;;;;;;;;;;;;;;;;;;;;;;;
;00:17:57;148;;;;;;;;;;;;;;;;;;;;;;;;;;;
;00:17:58;148;;;;;;;;;;;;;;;;;;;;;;;;;;;
;00:17:59;147;;;;;;;;;;;;;;;;;;;;;;;;;;;
;00:18:00;147;;;;;;;;;;;;;;;;;;;;;;;;;;;
;00:18:01;147;;;;;;;;;;;;;;;;;;;;;;;;;;;
;00:18:02;147;;;;;;;;;;;;;;;;;;;;;;;;;;;
;00:18:03;147;;;;;;;;;;;;;;;;;;;;;;;;;;;
;00:18:04;147;;;;;;;;;;;;;;;;;;;;;;;;;;;
;00:18:05;146;;;;;;;;;;;;;;;;;;;;;;;;;;;
;00:18:06;146;;;;;;;;;;;;;;;;;;;;;;;;;;;
;00:18:07;146;;;;;;;;;;;;;;;;;;;;;;;;;;;
;00:18:08;146;;;;;;;;;;;;;;;;;;;;;;;;;;;
;00:18:09;146;;;;;;;;;;;;;;;;;;;;;;;;;;;
;00:18:10;146;;;;;;;;;;;;;;;;;;;;;;;;;;;
;00:18:11;146;;;;;;;;;;;;;;;;;;;;;;;;;;;
;00:18:12;146;;;;;;;;;;;;;;;;;;;;;;;;;;;
;00:18:13;146;;;;;;;;;;;;;;;;;;;;;;;;;;;
;00:18:14;146;;;;;;;;;;;;;;;;;;;;;;;;;;;
;00:18:15;146;;;;;;;;;;;;;;;;;;;;;;;;;;;
;00:18:16;146;;;;;;;;;;;;;;;;;;;;;;;;;;;
;00:18:17;146;;;;;;;;;;;;;;;;;;;;;;;;;;;
;00:18:18;145;;;;;;;;;;;;;;;;;;;;;;;;;;;
;00:18:19;146;;;;;;;;;;;;;;;;;;;;;;;;;;;
;00:18:20;146;;;;;;;;;;;;;;;;;;;;;;;;;;;
;00:18:21;145;;;;;;;;;;;;;;;;;;;;;;;;;;;
;00:18:22;145;;;;;;;;;;;;;;;;;;;;;;;;;;;
;00:18:23;145;;;;;;;;;;;;;;;;;;;;;;;;;;;
;00:18:24;146;;;;;;;;;;;;;;;;;;;;;;;;;;;
;00:18:25;146;;;;;;;;;;;;;;;;;;;;;;;;;;;
;00:18:26;146;;;;;;;;;;;;;;;;;;;;;;;;;;;
;00:18:27;146;;;;;;;;;;;;;;;;;;;;;;;;;;;
;00:18:28;146;;;;;;;;;;;;;;;;;;;;;;;;;;;
;00:18:29;147;;;;;;;;;;;;;;;;;;;;;;;;;;;
;00:18:30;147;;;;;;;;;;;;;;;;;;;;;;;;;;;
;00:18:31;147;;;;;;;;;;;;;;;;;;;;;;;;;;;
;00:18:32;146;;;;;;;;;;;;;;;;;;;;;;;;;;;
;00:18:33;147;;;;;;;;;;;;;;;;;;;;;;;;;;;
;00:18:34;147;;;;;;;;;;;;;;;;;;;;;;;;;;;
;00:18:35;148;;;;;;;;;;;;;;;;;;;;;;;;;;;
;00:18:36;148;;;;;;;;;;;;;;;;;;;;;;;;;;;
;00:18:37;149;;;;;;;;;;;;;;;;;;;;;;;;;;;
;00:18:38;149;;;;;;;;;;;;;;;;;;;;;;;;;;;
;00:18:39;150;;;;;;;;;;;;;;;;;;;;;;;;;;;
;00:18:40;150;;;;;;;;;;;;;;;;;;;;;;;;;;;
;00:18:41;150;;;;;;;;;;;;;;;;;;;;;;;;;;;
;00:18:42;150;;;;;;;;;;;;;;;;;;;;;;;;;;;
;00:18:43;150;;;;;;;;;;;;;;;;;;;;;;;;;;;
;00:18:44;150;;;;;;;;;;;;;;;;;;;;;;;;;;;
;00:18:45;150;;;;;;;;;;;;;;;;;;;;;;;;;;;
;00:18:46;150;;;;;;;;;;;;;;;;;;;;;;;;;;;
;00:18:47;150;;;;;;;;;;;;;;;;;;;;;;;;;;;
;00:18:48;150;;;;;;;;;;;;;;;;;;;;;;;;;;;
;00:18:49;150;;;;;;;;;;;;;;;;;;;;;;;;;;;
;00:18:50;151;;;;;;;;;;;;;;;;;;;;;;;;;;;
;00:18:51;151;;;;;;;;;;;;;;;;;;;;;;;;;;;
;00:18:52;151;;;;;;;;;;;;;;;;;;;;;;;;;;;
;00:18:53;151;;;;;;;;;;;;;;;;;;;;;;;;;;;
;00:18:54;151;;;;;;;;;;;;;;;;;;;;;;;;;;;
;00:18:55;152;;;;;;;;;;;;;;;;;;;;;;;;;;;
;00:18:56;152;;;;;;;;;;;;;;;;;;;;;;;;;;;
;00:18:57;152;;;;;;;;;;;;;;;;;;;;;;;;;;;
;00:18:58;152;;;;;;;;;;;;;;;;;;;;;;;;;;;
;00:18:59;152;;;;;;;;;;;;;;;;;;;;;;;;;;;
;00:19:00;151;;;;;;;;;;;;;;;;;;;;;;;;;;;
;00:19:01;151;;;;;;;;;;;;;;;;;;;;;;;;;;;
;00:19:02;151;;;;;;;;;;;;;;;;;;;;;;;;;;;
;00:19:03;151;;;;;;;;;;;;;;;;;;;;;;;;;;;
;00:19:04;151;;;;;;;;;;;;;;;;;;;;;;;;;;;
;00:19:05;151;;;;;;;;;;;;;;;;;;;;;;;;;;;
;00:19:06;152;;;;;;;;;;;;;;;;;;;;;;;;;;;
;00:19:07;152;;;;;;;;;;;;;;;;;;;;;;;;;;;
;00:19:08;152;;;;;;;;;;;;;;;;;;;;;;;;;;;
;00:19:09;152;;;;;;;;;;;;;;;;;;;;;;;;;;;
;00:19:10;152;;;;;;;;;;;;;;;;;;;;;;;;;;;
;00:19:11;152;;;;;;;;;;;;;;;;;;;;;;;;;;;
;00:19:12;152;;;;;;;;;;;;;;;;;;;;;;;;;;;
;00:19:13;152;;;;;;;;;;;;;;;;;;;;;;;;;;;
;00:19:14;152;;;;;;;;;;;;;;;;;;;;;;;;;;;
;00:19:15;151;;;;;;;;;;;;;;;;;;;;;;;;;;;
;00:19:16;151;;;;;;;;;;;;;;;;;;;;;;;;;;;
;00:19:17;152;;;;;;;;;;;;;;;;;;;;;;;;;;;
;00:19:18;152;;;;;;;;;;;;;;;;;;;;;;;;;;;
;00:19:19;152;;;;;;;;;;;;;;;;;;;;;;;;;;;
;00:19:20;152;;;;;;;;;;;;;;;;;;;;;;;;;;;
;00:19:21;153;;;;;;;;;;;;;;;;;;;;;;;;;;;
;00:19:22;153;;;;;;;;;;;;;;;;;;;;;;;;;;;
;00:19:23;154;;;;;;;;;;;;;;;;;;;;;;;;;;;
;00:19:24;154;;;;;;;;;;;;;;;;;;;;;;;;;;;
;00:19:25;154;;;;;;;;;;;;;;;;;;;;;;;;;;;
;00:19:26;154;;;;;;;;;;;;;;;;;;;;;;;;;;;
;00:19:27;154;;;;;;;;;;;;;;;;;;;;;;;;;;;
;00:19:28;154;;;;;;;;;;;;;;;;;;;;;;;;;;;
;00:19:29;154;;;;;;;;;;;;;;;;;;;;;;;;;;;
;00:19:30;154;;;;;;;;;;;;;;;;;;;;;;;;;;;
;00:19:31;155;;;;;;;;;;;;;;;;;;;;;;;;;;;
;00:19:32;155;;;;;;;;;;;;;;;;;;;;;;;;;;;
;00:19:33;155;;;;;;;;;;;;;;;;;;;;;;;;;;;
;00:19:34;156;;;;;;;;;;;;;;;;;;;;;;;;;;;
;00:19:35;157;;;;;;;;;;;;;;;;;;;;;;;;;;;
;00:19:36;158;;;;;;;;;;;;;;;;;;;;;;;;;;;
;00:19:37;158;;;;;;;;;;;;;;;;;;;;;;;;;;;
;00:19:38;159;;;;;;;;;;;;;;;;;;;;;;;;;;;
;00:19:39;160;;;;;;;;;;;;;;;;;;;;;;;;;;;
;00:19:40;160;;;;;;;;;;;;;;;;;;;;;;;;;;;
;00:19:41;160;;;;;;;;;;;;;;;;;;;;;;;;;;;
;00:19:42;160;;;;;;;;;;;;;;;;;;;;;;;;;;;
;00:19:43;160;;;;;;;;;;;;;;;;;;;;;;;;;;;
;00:19:44;161;;;;;;;;;;;;;;;;;;;;;;;;;;;
;00:19:45;161;;;;;;;;;;;;;;;;;;;;;;;;;;;
;00:19:46;162;;;;;;;;;;;;;;;;;;;;;;;;;;;
;00:19:47;162;;;;;;;;;;;;;;;;;;;;;;;;;;;
;00:19:48;163;;;;;;;;;;;;;;;;;;;;;;;;;;;
;00:19:49;163;;;;;;;;;;;;;;;;;;;;;;;;;;;
;00:19:50;163;;;;;;;;;;;;;;;;;;;;;;;;;;;
;00:19:51;164;;;;;;;;;;;;;;;;;;;;;;;;;;;
;00:19:52;164;;;;;;;;;;;;;;;;;;;;;;;;;;;
;00:19:53;165;;;;;;;;;;;;;;;;;;;;;;;;;;;
;00:19:54;165;;;;;;;;;;;;;;;;;;;;;;;;;;;
;00:19:55;165;;;;;;;;;;;;;;;;;;;;;;;;;;;
;00:19:56;165;;;;;;;;;;;;;;;;;;;;;;;;;;;
;00:19:57;166;;;;;;;;;;;;;;;;;;;;;;;;;;;
;00:19:58;166;;;;;;;;;;;;;;;;;;;;;;;;;;;
;00:19:59;166;;;;;;;;;;;;;;;;;;;;;;;;;;;
;00:20:00;166;;;;;;;;;;;;;;;;;;;;;;;;;;;
;00:20:01;166;;;;;;;;;;;;;;;;;;;;;;;;;;;
;00:20:02;166;;;;;;;;;;;;;;;;;;;;;;;;;;;
;00:20:03;166;;;;;;;;;;;;;;;;;;;;;;;;;;;
;00:20:04;167;;;;;;;;;;;;;;;;;;;;;;;;;;;
;00:20:05;166;;;;;;;;;;;;;;;;;;;;;;;;;;;
;00:20:06;166;;;;;;;;;;;;;;;;;;;;;;;;;;;
;00:20:07;167;;;;;;;;;;;;;;;;;;;;;;;;;;;
;00:20:08;167;;;;;;;;;;;;;;;;;;;;;;;;;;;
;00:20:09;167;;;;;;;;;;;;;;;;;;;;;;;;;;;
;00:20:10;167;;;;;;;;;;;;;;;;;;;;;;;;;;;
;00:20:11;168;;;;;;;;;;;;;;;;;;;;;;;;;;;
;00:20:12;168;;;;;;;;;;;;;;;;;;;;;;;;;;;
;00:20:13;168;;;;;;;;;;;;;;;;;;;;;;;;;;;
;00:20:14;168;;;;;;;;;;;;;;;;;;;;;;;;;;;
;00:20:15;169;;;;;;;;;;;;;;;;;;;;;;;;;;;
;00:20:16;169;;;;;;;;;;;;;;;;;;;;;;;;;;;
;00:20:17;169;;;;;;;;;;;;;;;;;;;;;;;;;;;
;00:20:18;169;;;;;;;;;;;;;;;;;;;;;;;;;;;
;00:20:19;169;;;;;;;;;;;;;;;;;;;;;;;;;;;
;00:20:20;169;;;;;;;;;;;;;;;;;;;;;;;;;;;
;00:20:21;169;;;;;;;;;;;;;;;;;;;;;;;;;;;
;00:20:22;170;;;;;;;;;;;;;;;;;;;;;;;;;;;
;00:20:23;170;;;;;;;;;;;;;;;;;;;;;;;;;;;
;00:20:24;170;;;;;;;;;;;;;;;;;;;;;;;;;;;
;00:20:25;170;;;;;;;;;;;;;;;;;;;;;;;;;;;
;00:20:26;170;;;;;;;;;;;;;;;;;;;;;;;;;;;
;00:20:27;170;;;;;;;;;;;;;;;;;;;;;;;;;;;
;00:20:28;171;;;;;;;;;;;;;;;;;;;;;;;;;;;
;00:20:29;171;;;;;;;;;;;;;;;;;;;;;;;;;;;
;00:20:30;171;;;;;;;;;;;;;;;;;;;;;;;;;;;
;00:20:31;171;;;;;;;;;;;;;;;;;;;;;;;;;;;
;00:20:32;171;;;;;;;;;;;;;;;;;;;;;;;;;;;
;00:20:33;171;;;;;;;;;;;;;;;;;;;;;;;;;;;
;00:20:34;171;;;;;;;;;;;;;;;;;;;;;;;;;;;
;00:20:35;171;;;;;;;;;;;;;;;;;;;;;;;;;;;
;00:20:36;172;;;;;;;;;;;;;;;;;;;;;;;;;;;
;00:20:37;172;;;;;;;;;;;;;;;;;;;;;;;;;;;
;00:20:38;172;;;;;;;;;;;;;;;;;;;;;;;;;;;
;00:20:39;172;;;;;;;;;;;;;;;;;;;;;;;;;;;
;00:20:40;171;;;;;;;;;;;;;;;;;;;;;;;;;;;
;00:20:41;171;;;;;;;;;;;;;;;;;;;;;;;;;;;
;00:20:42;170;;;;;;;;;;;;;;;;;;;;;;;;;;;
;00:20:43;170;;;;;;;;;;;;;;;;;;;;;;;;;;;
;00:20:44;170;;;;;;;;;;;;;;;;;;;;;;;;;;;
;00:20:45;170;;;;;;;;;;;;;;;;;;;;;;;;;;;
;00:20:46;169;;;;;;;;;;;;;;;;;;;;;;;;;;;
;00:20:47;169;;;;;;;;;;;;;;;;;;;;;;;;;;;
;00:20:48;169;;;;;;;;;;;;;;;;;;;;;;;;;;;
;00:20:49;169;;;;;;;;;;;;;;;;;;;;;;;;;;;
;00:20:50;169;;;;;;;;;;;;;;;;;;;;;;;;;;;
;00:20:51;169;;;;;;;;;;;;;;;;;;;;;;;;;;;
;00:20:52;169;;;;;;;;;;;;;;;;;;;;;;;;;;;
;00:20:53;169;;;;;;;;;;;;;;;;;;;;;;;;;;;
;00:20:54;169;;;;;;;;;;;;;;;;;;;;;;;;;;;
;00:20:55;169;;;;;;;;;;;;;;;;;;;;;;;;;;;
;00:20:56;169;;;;;;;;;;;;;;;;;;;;;;;;;;;
;00:20:57;169;;;;;;;;;;;;;;;;;;;;;;;;;;;
;00:20:58;169;;;;;;;;;;;;;;;;;;;;;;;;;;;
;00:20:59;168;;;;;;;;;;;;;;;;;;;;;;;;;;;
;00:21:00;168;;;;;;;;;;;;;;;;;;;;;;;;;;;
;00:21:01;169;;;;;;;;;;;;;;;;;;;;;;;;;;;
;00:21:02;169;;;;;;;;;;;;;;;;;;;;;;;;;;;
;00:21:03;169;;;;;;;;;;;;;;;;;;;;;;;;;;;
;00:21:04;169;;;;;;;;;;;;;;;;;;;;;;;;;;;
;00:21:05;169;;;;;;;;;;;;;;;;;;;;;;;;;;;
;00:21:06;169;;;;;;;;;;;;;;;;;;;;;;;;;;;
;00:21:07;169;;;;;;;;;;;;;;;;;;;;;;;;;;;
;00:21:08;169;;;;;;;;;;;;;;;;;;;;;;;;;;;
;00:21:09;169;;;;;;;;;;;;;;;;;;;;;;;;;;;
;00:21:10;169;;;;;;;;;;;;;;;;;;;;;;;;;;;
;00:21:11;169;;;;;;;;;;;;;;;;;;;;;;;;;;;
;00:21:12;169;;;;;;;;;;;;;;;;;;;;;;;;;;;
;00:21:13;169;;;;;;;;;;;;;;;;;;;;;;;;;;;
;00:21:14;169;;;;;;;;;;;;;;;;;;;;;;;;;;;
;00:21:15;169;;;;;;;;;;;;;;;;;;;;;;;;;;;
;00:21:16;169;;;;;;;;;;;;;;;;;;;;;;;;;;;
;00:21:17;169;;;;;;;;;;;;;;;;;;;;;;;;;;;
;00:21:18;169;;;;;;;;;;;;;;;;;;;;;;;;;;;
;00:21:19;169;;;;;;;;;;;;;;;;;;;;;;;;;;;
;00:21:20;170;;;;;;;;;;;;;;;;;;;;;;;;;;;
;00:21:21;169;;;;;;;;;;;;;;;;;;;;;;;;;;;
;00:21:22;169;;;;;;;;;;;;;;;;;;;;;;;;;;;
;00:21:23;169;;;;;;;;;;;;;;;;;;;;;;;;;;;
;00:21:24;169;;;;;;;;;;;;;;;;;;;;;;;;;;;
;00:21:25;169;;;;;;;;;;;;;;;;;;;;;;;;;;;
;00:21:26;170;;;;;;;;;;;;;;;;;;;;;;;;;;;
;00:21:27;170;;;;;;;;;;;;;;;;;;;;;;;;;;;
;00:21:28;170;;;;;;;;;;;;;;;;;;;;;;;;;;;
;00:21:29;170;;;;;;;;;;;;;;;;;;;;;;;;;;;
;00:21:30;171;;;;;;;;;;;;;;;;;;;;;;;;;;;
;00:21:31;171;;;;;;;;;;;;;;;;;;;;;;;;;;;
;00:21:32;171;;;;;;;;;;;;;;;;;;;;;;;;;;;
;00:21:33;171;;;;;;;;;;;;;;;;;;;;;;;;;;;
;00:21:34;171;;;;;;;;;;;;;;;;;;;;;;;;;;;
;00:21:35;171;;;;;;;;;;;;;;;;;;;;;;;;;;;
;00:21:36;172;;;;;;;;;;;;;;;;;;;;;;;;;;;
;00:21:37;172;;;;;;;;;;;;;;;;;;;;;;;;;;;
;00:21:38;172;;;;;;;;;;;;;;;;;;;;;;;;;;;
;00:21:39;172;;;;;;;;;;;;;;;;;;;;;;;;;;;
;00:21:40;172;;;;;;;;;;;;;;;;;;;;;;;;;;;
;00:21:41;172;;;;;;;;;;;;;;;;;;;;;;;;;;;
;00:21:42;172;;;;;;;;;;;;;;;;;;;;;;;;;;;
;00:21:43;172;;;;;;;;;;;;;;;;;;;;;;;;;;;
;00:21:44;172;;;;;;;;;;;;;;;;;;;;;;;;;;;
;00:21:45;173;;;;;;;;;;;;;;;;;;;;;;;;;;;
;00:21:46;173;;;;;;;;;;;;;;;;;;;;;;;;;;;
;00:21:47;173;;;;;;;;;;;;;;;;;;;;;;;;;;;
;00:21:48;173;;;;;;;;;;;;;;;;;;;;;;;;;;;
;00:21:49;173;;;;;;;;;;;;;;;;;;;;;;;;;;;
;00:21:50;173;;;;;;;;;;;;;;;;;;;;;;;;;;;
;00:21:51;173;;;;;;;;;;;;;;;;;;;;;;;;;;;
;00:21:52;173;;;;;;;;;;;;;;;;;;;;;;;;;;;
;00:21:53;173;;;;;;;;;;;;;;;;;;;;;;;;;;;
;00:21:54;173;;;;;;;;;;;;;;;;;;;;;;;;;;;
;00:21:55;172;;;;;;;;;;;;;;;;;;;;;;;;;;;
;00:21:56;172;;;;;;;;;;;;;;;;;;;;;;;;;;;
;00:21:57;172;;;;;;;;;;;;;;;;;;;;;;;;;;;
;00:21:58;172;;;;;;;;;;;;;;;;;;;;;;;;;;;
;00:21:59;171;;;;;;;;;;;;;;;;;;;;;;;;;;;
;00:22:00;172;;;;;;;;;;;;;;;;;;;;;;;;;;;
;00:22:01;172;;;;;;;;;;;;;;;;;;;;;;;;;;;
;00:22:02;172;;;;;;;;;;;;;;;;;;;;;;;;;;;
;00:22:03;172;;;;;;;;;;;;;;;;;;;;;;;;;;;
;00:22:04;172;;;;;;;;;;;;;;;;;;;;;;;;;;;
;00:22:05;172;;;;;;;;;;;;;;;;;;;;;;;;;;;
;00:22:06;172;;;;;;;;;;;;;;;;;;;;;;;;;;;
;00:22:07;172;;;;;;;;;;;;;;;;;;;;;;;;;;;
;00:22:08;172;;;;;;;;;;;;;;;;;;;;;;;;;;;
;00:22:09;172;;;;;;;;;;;;;;;;;;;;;;;;;;;
;00:22:10;172;;;;;;;;;;;;;;;;;;;;;;;;;;;
;00:22:11;172;;;;;;;;;;;;;;;;;;;;;;;;;;;
;00:22:12;173;;;;;;;;;;;;;;;;;;;;;;;;;;;
;00:22:13;172;;;;;;;;;;;;;;;;;;;;;;;;;;;
;00:22:14;172;;;;;;;;;;;;;;;;;;;;;;;;;;;
;00:22:15;172;;;;;;;;;;;;;;;;;;;;;;;;;;;
;00:22:16;173;;;;;;;;;;;;;;;;;;;;;;;;;;;
;00:22:17;172;;;;;;;;;;;;;;;;;;;;;;;;;;;
;00:22:18;172;;;;;;;;;;;;;;;;;;;;;;;;;;;
;00:22:19;172;;;;;;;;;;;;;;;;;;;;;;;;;;;
;00:22:20;171;;;;;;;;;;;;;;;;;;;;;;;;;;;
;00:22:21;172;;;;;;;;;;;;;;;;;;;;;;;;;;;
;00:22:22;171;;;;;;;;;;;;;;;;;;;;;;;;;;;
;00:22:23;171;;;;;;;;;;;;;;;;;;;;;;;;;;;
;00:22:24;171;;;;;;;;;;;;;;;;;;;;;;;;;;;
;00:22:25;171;;;;;;;;;;;;;;;;;;;;;;;;;;;
;00:22:26;171;;;;;;;;;;;;;;;;;;;;;;;;;;;
;00:22:27;171;;;;;;;;;;;;;;;;;;;;;;;;;;;
;00:22:28;171;;;;;;;;;;;;;;;;;;;;;;;;;;;
;00:22:29;171;;;;;;;;;;;;;;;;;;;;;;;;;;;
;00:22:30;171;;;;;;;;;;;;;;;;;;;;;;;;;;;
;00:22:31;171;;;;;;;;;;;;;;;;;;;;;;;;;;;
;00:22:32;171;;;;;;;;;;;;;;;;;;;;;;;;;;;
;00:22:33;171;;;;;;;;;;;;;;;;;;;;;;;;;;;
;00:22:34;171;;;;;;;;;;;;;;;;;;;;;;;;;;;
;00:22:35;172;;;;;;;;;;;;;;;;;;;;;;;;;;;
;00:22:36;171;;;;;;;;;;;;;;;;;;;;;;;;;;;
;00:22:37;172;;;;;;;;;;;;;;;;;;;;;;;;;;;
;00:22:38;171;;;;;;;;;;;;;;;;;;;;;;;;;;;
;00:22:39;171;;;;;;;;;;;;;;;;;;;;;;;;;;;
;00:22:40;171;;;;;;;;;;;;;;;;;;;;;;;;;;;
;00:22:41;171;;;;;;;;;;;;;;;;;;;;;;;;;;;
;00:22:42;171;;;;;;;;;;;;;;;;;;;;;;;;;;;
;00:22:43;171;;;;;;;;;;;;;;;;;;;;;;;;;;;
;00:22:44;171;;;;;;;;;;;;;;;;;;;;;;;;;;;
;00:22:45;171;;;;;;;;;;;;;;;;;;;;;;;;;;;
;00:22:46;171;;;;;;;;;;;;;;;;;;;;;;;;;;;
;00:22:47;171;;;;;;;;;;;;;;;;;;;;;;;;;;;
;00:22:48;171;;;;;;;;;;;;;;;;;;;;;;;;;;;
;00:22:49;171;;;;;;;;;;;;;;;;;;;;;;;;;;;
;00:22:50;170;;;;;;;;;;;;;;;;;;;;;;;;;;;
;00:22:51;171;;;;;;;;;;;;;;;;;;;;;;;;;;;
;00:22:52;171;;;;;;;;;;;;;;;;;;;;;;;;;;;
;00:22:53;171;;;;;;;;;;;;;;;;;;;;;;;;;;;
;00:22:54;171;;;;;;;;;;;;;;;;;;;;;;;;;;;
;00:22:55;171;;;;;;;;;;;;;;;;;;;;;;;;;;;
;00:22:56;171;;;;;;;;;;;;;;;;;;;;;;;;;;;
;00:22:57;170;;;;;;;;;;;;;;;;;;;;;;;;;;;
;00:22:58;170;;;;;;;;;;;;;;;;;;;;;;;;;;;
;00:22:59;170;;;;;;;;;;;;;;;;;;;;;;;;;;;
;00:23:00;170;;;;;;;;;;;;;;;;;;;;;;;;;;;
;00:23:01;170;;;;;;;;;;;;;;;;;;;;;;;;;;;
;00:23:02;170;;;;;;;;;;;;;;;;;;;;;;;;;;;
;00:23:03;170;;;;;;;;;;;;;;;;;;;;;;;;;;;
;00:23:04;170;;;;;;;;;;;;;;;;;;;;;;;;;;;
;00:23:05;170;;;;;;;;;;;;;;;;;;;;;;;;;;;
;00:23:06;170;;;;;;;;;;;;;;;;;;;;;;;;;;;
;00:23:07;170;;;;;;;;;;;;;;;;;;;;;;;;;;;
;00:23:08;170;;;;;;;;;;;;;;;;;;;;;;;;;;;
;00:23:09;170;;;;;;;;;;;;;;;;;;;;;;;;;;;
;00:23:10;170;;;;;;;;;;;;;;;;;;;;;;;;;;;
;00:23:11;171;;;;;;;;;;;;;;;;;;;;;;;;;;;
;00:23:12;171;;;;;;;;;;;;;;;;;;;;;;;;;;;
;00:23:13;172;;;;;;;;;;;;;;;;;;;;;;;;;;;
;00:23:14;172;;;;;;;;;;;;;;;;;;;;;;;;;;;
;00:23:15;172;;;;;;;;;;;;;;;;;;;;;;;;;;;
;00:23:16;172;;;;;;;;;;;;;;;;;;;;;;;;;;;
;00:23:17;172;;;;;;;;;;;;;;;;;;;;;;;;;;;
;00:23:18;172;;;;;;;;;;;;;;;;;;;;;;;;;;;
;00:23:19;172;;;;;;;;;;;;;;;;;;;;;;;;;;;
;00:23:20;172;;;;;;;;;;;;;;;;;;;;;;;;;;;
;00:23:21;172;;;;;;;;;;;;;;;;;;;;;;;;;;;
;00:23:22;171;;;;;;;;;;;;;;;;;;;;;;;;;;;
;00:23:23;171;;;;;;;;;;;;;;;;;;;;;;;;;;;
;00:23:24;171;;;;;;;;;;;;;;;;;;;;;;;;;;;
;00:23:25;171;;;;;;;;;;;;;;;;;;;;;;;;;;;
;00:23:26;170;;;;;;;;;;;;;;;;;;;;;;;;;;;
;00:23:27;170;;;;;;;;;;;;;;;;;;;;;;;;;;;
;00:23:28;169;;;;;;;;;;;;;;;;;;;;;;;;;;;
;00:23:29;169;;;;;;;;;;;;;;;;;;;;;;;;;;;
;00:23:30;169;;;;;;;;;;;;;;;;;;;;;;;;;;;
;00:23:31;169;;;;;;;;;;;;;;;;;;;;;;;;;;;
;00:23:32;168;;;;;;;;;;;;;;;;;;;;;;;;;;;
;00:23:33;167;;;;;;;;;;;;;;;;;;;;;;;;;;;
;00:23:34;167;;;;;;;;;;;;;;;;;;;;;;;;;;;
;00:23:35;166;;;;;;;;;;;;;;;;;;;;;;;;;;;
;00:23:36;165;;;;;;;;;;;;;;;;;;;;;;;;;;;
;00:23:37;165;;;;;;;;;;;;;;;;;;;;;;;;;;;
;00:23:38;164;;;;;;;;;;;;;;;;;;;;;;;;;;;
;00:23:39;164;;;;;;;;;;;;;;;;;;;;;;;;;;;
;00:23:40;163;;;;;;;;;;;;;;;;;;;;;;;;;;;
;00:23:41;163;;;;;;;;;;;;;;;;;;;;;;;;;;;
;00:23:42;162;;;;;;;;;;;;;;;;;;;;;;;;;;;
;00:23:43;162;;;;;;;;;;;;;;;;;;;;;;;;;;;
;00:23:44;162;;;;;;;;;;;;;;;;;;;;;;;;;;;
;00:23:45;162;;;;;;;;;;;;;;;;;;;;;;;;;;;
;00:23:46;161;;;;;;;;;;;;;;;;;;;;;;;;;;;
;00:23:47;161;;;;;;;;;;;;;;;;;;;;;;;;;;;
;00:23:48;161;;;;;;;;;;;;;;;;;;;;;;;;;;;
;00:23:49;160;;;;;;;;;;;;;;;;;;;;;;;;;;;
;00:23:50;160;;;;;;;;;;;;;;;;;;;;;;;;;;;
;00:23:51;160;;;;;;;;;;;;;;;;;;;;;;;;;;;
;00:23:52;160;;;;;;;;;;;;;;;;;;;;;;;;;;;
;00:23:53;161;;;;;;;;;;;;;;;;;;;;;;;;;;;
;00:23:54;161;;;;;;;;;;;;;;;;;;;;;;;;;;;
;00:23:55;161;;;;;;;;;;;;;;;;;;;;;;;;;;;
;00:23:56;161;;;;;;;;;;;;;;;;;;;;;;;;;;;
;00:23:57;161;;;;;;;;;;;;;;;;;;;;;;;;;;;
;00:23:58;162;;;;;;;;;;;;;;;;;;;;;;;;;;;
;00:23:59;162;;;;;;;;;;;;;;;;;;;;;;;;;;;
;00:24:00;162;;;;;;;;;;;;;;;;;;;;;;;;;;;
;00:24:01;162;;;;;;;;;;;;;;;;;;;;;;;;;;;
;00:24:02;162;;;;;;;;;;;;;;;;;;;;;;;;;;;
;00:24:03;161;;;;;;;;;;;;;;;;;;;;;;;;;;;
;00:24:04;161;;;;;;;;;;;;;;;;;;;;;;;;;;;
;00:24:05;160;;;;;;;;;;;;;;;;;;;;;;;;;;;
;00:24:06;159;;;;;;;;;;;;;;;;;;;;;;;;;;;
;00:24:07;159;;;;;;;;;;;;;;;;;;;;;;;;;;;
;00:24:08;158;;;;;;;;;;;;;;;;;;;;;;;;;;;
;00:24:09;157;;;;;;;;;;;;;;;;;;;;;;;;;;;
;00:24:10;156;;;;;;;;;;;;;;;;;;;;;;;;;;;
;00:24:11;156;;;;;;;;;;;;;;;;;;;;;;;;;;;
;00:24:12;156;;;;;;;;;;;;;;;;;;;;;;;;;;;
;00:24:13;155;;;;;;;;;;;;;;;;;;;;;;;;;;;
;00:24:14;154;;;;;;;;;;;;;;;;;;;;;;;;;;;
;00:24:15;153;;;;;;;;;;;;;;;;;;;;;;;;;;;
;00:24:16;153;;;;;;;;;;;;;;;;;;;;;;;;;;;
;00:24:17;152;;;;;;;;;;;;;;;;;;;;;;;;;;;
;00:24:18;152;;;;;;;;;;;;;;;;;;;;;;;;;;;
;00:24:19;151;;;;;;;;;;;;;;;;;;;;;;;;;;;
;00:24:20;150;;;;;;;;;;;;;;;;;;;;;;;;;;;
;00:24:21;150;;;;;;;;;;;;;;;;;;;;;;;;;;;
;00:24:22;149;;;;;;;;;;;;;;;;;;;;;;;;;;;
;00:24:23;150;;;;;;;;;;;;;;;;;;;;;;;;;;;
;00:24:24;150;;;;;;;;;;;;;;;;;;;;;;;;;;;
;00:24:25;150;;;;;;;;;;;;;;;;;;;;;;;;;;;
;00:24:26;150;;;;;;;;;;;;;;;;;;;;;;;;;;;
;00:24:27;150;;;;;;;;;;;;;;;;;;;;;;;;;;;
;00:24:28;150;;;;;;;;;;;;;;;;;;;;;;;;;;;
;00:24:29;151;;;;;;;;;;;;;;;;;;;;;;;;;;;
;00:24:30;151;;;;;;;;;;;;;;;;;;;;;;;;;;;
;00:24:31;151;;;;;;;;;;;;;;;;;;;;;;;;;;;
;00:24:32;151;;;;;;;;;;;;;;;;;;;;;;;;;;;
;00:24:33;152;;;;;;;;;;;;;;;;;;;;;;;;;;;
;00:24:34;152;;;;;;;;;;;;;;;;;;;;;;;;;;;
;00:24:35;152;;;;;;;;;;;;;;;;;;;;;;;;;;;
;00:24:36;152;;;;;;;;;;;;;;;;;;;;;;;;;;;
;00:24:37;152;;;;;;;;;;;;;;;;;;;;;;;;;;;
;00:24:38;151;;;;;;;;;;;;;;;;;;;;;;;;;;;
;00:24:39;151;;;;;;;;;;;;;;;;;;;;;;;;;;;
;00:24:40;150;;;;;;;;;;;;;;;;;;;;;;;;;;;
;00:24:41;150;;;;;;;;;;;;;;;;;;;;;;;;;;;
;00:24:42;151;;;;;;;;;;;;;;;;;;;;;;;;;;;
;00:24:43;151;;;;;;;;;;;;;;;;;;;;;;;;;;;
;00:24:44;151;;;;;;;;;;;;;;;;;;;;;;;;;;;
;00:24:45;151;;;;;;;;;;;;;;;;;;;;;;;;;;;
;00:24:46;150;;;;;;;;;;;;;;;;;;;;;;;;;;;
;00:24:47;150;;;;;;;;;;;;;;;;;;;;;;;;;;;
;00:24:48;149;;;;;;;;;;;;;;;;;;;;;;;;;;;
;00:24:49;149;;;;;;;;;;;;;;;;;;;;;;;;;;;
;00:24:50;149;;;;;;;;;;;;;;;;;;;;;;;;;;;
;00:24:51;149;;;;;;;;;;;;;;;;;;;;;;;;;;;
;00:24:52;148;;;;;;;;;;;;;;;;;;;;;;;;;;;
;00:24:53;148;;;;;;;;;;;;;;;;;;;;;;;;;;;
;00:24:54;148;;;;;;;;;;;;;;;;;;;;;;;;;;;
;00:24:55;147;;;;;;;;;;;;;;;;;;;;;;;;;;;
;00:24:56;147;;;;;;;;;;;;;;;;;;;;;;;;;;;
;00:24:57;147;;;;;;;;;;;;;;;;;;;;;;;;;;;
;00:24:58;147;;;;;;;;;;;;;;;;;;;;;;;;;;;
;00:24:59;146;;;;;;;;;;;;;;;;;;;;;;;;;;;
;00:25:00;146;;;;;;;;;;;;;;;;;;;;;;;;;;;
;00:25:01;146;;;;;;;;;;;;;;;;;;;;;;;;;;;
;00:25:02;145;;;;;;;;;;;;;;;;;;;;;;;;;;;
;00:25:03;145;;;;;;;;;;;;;;;;;;;;;;;;;;;
;00:25:04;146;;;;;;;;;;;;;;;;;;;;;;;;;;;
;00:25:05;146;;;;;;;;;;;;;;;;;;;;;;;;;;;
;00:25:06;146;;;;;;;;;;;;;;;;;;;;;;;;;;;
;00:25:07;146;;;;;;;;;;;;;;;;;;;;;;;;;;;
;00:25:08;146;;;;;;;;;;;;;;;;;;;;;;;;;;;
;00:25:09;146;;;;;;;;;;;;;;;;;;;;;;;;;;;
;00:25:10;146;;;;;;;;;;;;;;;;;;;;;;;;;;;
;00:25:11;146;;;;;;;;;;;;;;;;;;;;;;;;;;;
;00:25:12;145;;;;;;;;;;;;;;;;;;;;;;;;;;;
;00:25:13;146;;;;;;;;;;;;;;;;;;;;;;;;;;;
;00:25:14;146;;;;;;;;;;;;;;;;;;;;;;;;;;;
;00:25:15;147;;;;;;;;;;;;;;;;;;;;;;;;;;;
;00:25:16;147;;;;;;;;;;;;;;;;;;;;;;;;;;;
;00:25:17;147;;;;;;;;;;;;;;;;;;;;;;;;;;;
;00:25:18;147;;;;;;;;;;;;;;;;;;;;;;;;;;;
;00:25:19;148;;;;;;;;;;;;;;;;;;;;;;;;;;;
;00:25:20;148;;;;;;;;;;;;;;;;;;;;;;;;;;;
;00:25:21;148;;;;;;;;;;;;;;;;;;;;;;;;;;;
;00:25:22;148;;;;;;;;;;;;;;;;;;;;;;;;;;;
;00:25:23;148;;;;;;;;;;;;;;;;;;;;;;;;;;;
;00:25:24;149;;;;;;;;;;;;;;;;;;;;;;;;;;;
;00:25:25;149;;;;;;;;;;;;;;;;;;;;;;;;;;;
;00:25:26;149;;;;;;;;;;;;;;;;;;;;;;;;;;;
;00:25:27;149;;;;;;;;;;;;;;;;;;;;;;;;;;;
;00:25:28;149;;;;;;;;;;;;;;;;;;;;;;;;;;;
;00:25:29;149;;;;;;;;;;;;;;;;;;;;;;;;;;;
;00:25:30;149;;;;;;;;;;;;;;;;;;;;;;;;;;;
;00:25:31;148;;;;;;;;;;;;;;;;;;;;;;;;;;;
;00:25:32;148;;;;;;;;;;;;;;;;;;;;;;;;;;;
;00:25:33;147;;;;;;;;;;;;;;;;;;;;;;;;;;;
;00:25:34;148;;;;;;;;;;;;;;;;;;;;;;;;;;;
;00:25:35;148;;;;;;;;;;;;;;;;;;;;;;;;;;;
;00:25:36;148;;;;;;;;;;;;;;;;;;;;;;;;;;;
;00:25:37;148;;;;;;;;;;;;;;;;;;;;;;;;;;;
;00:25:38;148;;;;;;;;;;;;;;;;;;;;;;;;;;;
;00:25:39;148;;;;;;;;;;;;;;;;;;;;;;;;;;;
;00:25:40;147;;;;;;;;;;;;;;;;;;;;;;;;;;;
;00:25:41;147;;;;;;;;;;;;;;;;;;;;;;;;;;;
;00:25:42;147;;;;;;;;;;;;;;;;;;;;;;;;;;;
;00:25:43;147;;;;;;;;;;;;;;;;;;;;;;;;;;;
;00:25:44;147;;;;;;;;;;;;;;;;;;;;;;;;;;;
;00:25:45;147;;;;;;;;;;;;;;;;;;;;;;;;;;;
;00:25:46;146;;;;;;;;;;;;;;;;;;;;;;;;;;;
;00:25:47;146;;;;;;;;;;;;;;;;;;;;;;;;;;;
;00:25:48;147;;;;;;;;;;;;;;;;;;;;;;;;;;;
;00:25:49;147;;;;;;;;;;;;;;;;;;;;;;;;;;;
;00:25:50;146;;;;;;;;;;;;;;;;;;;;;;;;;;;
;00:25:51;146;;;;;;;;;;;;;;;;;;;;;;;;;;;
;00:25:52;145;;;;;;;;;;;;;;;;;;;;;;;;;;;
;00:25:53;145;;;;;;;;;;;;;;;;;;;;;;;;;;;
;00:25:54;144;;;;;;;;;;;;;;;;;;;;;;;;;;;
;00:25:55;144;;;;;;;;;;;;;;;;;;;;;;;;;;;
;00:25:56;144;;;;;;;;;;;;;;;;;;;;;;;;;;;
;00:25:57;145;;;;;;;;;;;;;;;;;;;;;;;;;;;
;00:25:58;145;;;;;;;;;;;;;;;;;;;;;;;;;;;
;00:25:59;145;;;;;;;;;;;;;;;;;;;;;;;;;;;
;00:26:00;146;;;;;;;;;;;;;;;;;;;;;;;;;;;
;00:26:01;147;;;;;;;;;;;;;;;;;;;;;;;;;;;
;00:26:02;147;;;;;;;;;;;;;;;;;;;;;;;;;;;
;00:26:03;147;;;;;;;;;;;;;;;;;;;;;;;;;;;
;00:26:04;148;;;;;;;;;;;;;;;;;;;;;;;;;;;
;00:26:05;149;;;;;;;;;;;;;;;;;;;;;;;;;;;
;00:26:06;150;;;;;;;;;;;;;;;;;;;;;;;;;;;
;00:26:07;151;;;;;;;;;;;;;;;;;;;;;;;;;;;
;00:26:08;152;;;;;;;;;;;;;;;;;;;;;;;;;;;
;00:26:09;153;;;;;;;;;;;;;;;;;;;;;;;;;;;
;00:26:10;154;;;;;;;;;;;;;;;;;;;;;;;;;;;
;00:26:11;154;;;;;;;;;;;;;;;;;;;;;;;;;;;
;00:26:12;154;;;;;;;;;;;;;;;;;;;;;;;;;;;
;00:26:13;154;;;;;;;;;;;;;;;;;;;;;;;;;;;
;00:26:14;154;;;;;;;;;;;;;;;;;;;;;;;;;;;
;00:26:15;154;;;;;;;;;;;;;;;;;;;;;;;;;;;
;00:26:16;154;;;;;;;;;;;;;;;;;;;;;;;;;;;
;00:26:17;154;;;;;;;;;;;;;;;;;;;;;;;;;;;
;00:26:18;155;;;;;;;;;;;;;;;;;;;;;;;;;;;
;00:26:19;155;;;;;;;;;;;;;;;;;;;;;;;;;;;
;00:26:20;155;;;;;;;;;;;;;;;;;;;;;;;;;;;
;00:26:21;154;;;;;;;;;;;;;;;;;;;;;;;;;;;
;00:26:22;154;;;;;;;;;;;;;;;;;;;;;;;;;;;
;00:26:23;153;;;;;;;;;;;;;;;;;;;;;;;;;;;
;00:26:24;152;;;;;;;;;;;;;;;;;;;;;;;;;;;
;00:26:25;152;;;;;;;;;;;;;;;;;;;;;;;;;;;
;00:26:26;152;;;;;;;;;;;;;;;;;;;;;;;;;;;
;00:26:27;152;;;;;;;;;;;;;;;;;;;;;;;;;;;
;00:26:28;152;;;;;;;;;;;;;;;;;;;;;;;;;;;
;00:26:29;153;;;;;;;;;;;;;;;;;;;;;;;;;;;
;00:26:30;153;;;;;;;;;;;;;;;;;;;;;;;;;;;
;00:26:31;154;;;;;;;;;;;;;;;;;;;;;;;;;;;
;00:26:32;154;;;;;;;;;;;;;;;;;;;;;;;;;;;
;00:26:33;154;;;;;;;;;;;;;;;;;;;;;;;;;;;
;00:26:34;155;;;;;;;;;;;;;;;;;;;;;;;;;;;
;00:26:35;155;;;;;;;;;;;;;;;;;;;;;;;;;;;
;00:26:36;156;;;;;;;;;;;;;;;;;;;;;;;;;;;
;00:26:37;156;;;;;;;;;;;;;;;;;;;;;;;;;;;
;00:26:38;156;;;;;;;;;;;;;;;;;;;;;;;;;;;
;00:26:39;157;;;;;;;;;;;;;;;;;;;;;;;;;;;
;00:26:40;157;;;;;;;;;;;;;;;;;;;;;;;;;;;
;00:26:41;158;;;;;;;;;;;;;;;;;;;;;;;;;;;
;00:26:42;158;;;;;;;;;;;;;;;;;;;;;;;;;;;
;00:26:43;158;;;;;;;;;;;;;;;;;;;;;;;;;;;
;00:26:44;159;;;;;;;;;;;;;;;;;;;;;;;;;;;
;00:26:45;160;;;;;;;;;;;;;;;;;;;;;;;;;;;
;00:26:46;160;;;;;;;;;;;;;;;;;;;;;;;;;;;
;00:26:47;160;;;;;;;;;;;;;;;;;;;;;;;;;;;
;00:26:48;161;;;;;;;;;;;;;;;;;;;;;;;;;;;
;00:26:49;161;;;;;;;;;;;;;;;;;;;;;;;;;;;
;00:26:50;161;;;;;;;;;;;;;;;;;;;;;;;;;;;
;00:26:51;161;;;;;;;;;;;;;;;;;;;;;;;;;;;
;00:26:52;162;;;;;;;;;;;;;;;;;;;;;;;;;;;
;00:26:53;162;;;;;;;;;;;;;;;;;;;;;;;;;;;
;00:26:54;163;;;;;;;;;;;;;;;;;;;;;;;;;;;
;00:26:55;163;;;;;;;;;;;;;;;;;;;;;;;;;;;
;00:26:56;163;;;;;;;;;;;;;;;;;;;;;;;;;;;
;00:26:57;163;;;;;;;;;;;;;;;;;;;;;;;;;;;
;00:26:58;164;;;;;;;;;;;;;;;;;;;;;;;;;;;
;00:26:59;164;;;;;;;;;;;;;;;;;;;;;;;;;;;
;00:27:00;164;;;;;;;;;;;;;;;;;;;;;;;;;;;
;00:27:01;165;;;;;;;;;;;;;;;;;;;;;;;;;;;
;00:27:02;165;;;;;;;;;;;;;;;;;;;;;;;;;;;
;00:27:03;166;;;;;;;;;;;;;;;;;;;;;;;;;;;
;00:27:04;166;;;;;;;;;;;;;;;;;;;;;;;;;;;
;00:27:05;167;;;;;;;;;;;;;;;;;;;;;;;;;;;
;00:27:06;167;;;;;;;;;;;;;;;;;;;;;;;;;;;
;00:27:07;168;;;;;;;;;;;;;;;;;;;;;;;;;;;
;00:27:08;168;;;;;;;;;;;;;;;;;;;;;;;;;;;
;00:27:09;168;;;;;;;;;;;;;;;;;;;;;;;;;;;
;00:27:10;168;;;;;;;;;;;;;;;;;;;;;;;;;;;
;00:27:11;168;;;;;;;;;;;;;;;;;;;;;;;;;;;
;00:27:12;169;;;;;;;;;;;;;;;;;;;;;;;;;;;
;00:27:13;169;;;;;;;;;;;;;;;;;;;;;;;;;;;
;00:27:14;169;;;;;;;;;;;;;;;;;;;;;;;;;;;
;00:27:15;169;;;;;;;;;;;;;;;;;;;;;;;;;;;
;00:27:16;168;;;;;;;;;;;;;;;;;;;;;;;;;;;
;00:27:17;169;;;;;;;;;;;;;;;;;;;;;;;;;;;
;00:27:18;168;;;;;;;;;;;;;;;;;;;;;;;;;;;
;00:27:19;169;;;;;;;;;;;;;;;;;;;;;;;;;;;
;00:27:20;169;;;;;;;;;;;;;;;;;;;;;;;;;;;
;00:27:21;169;;;;;;;;;;;;;;;;;;;;;;;;;;;
;00:27:22;169;;;;;;;;;;;;;;;;;;;;;;;;;;;
;00:27:23;169;;;;;;;;;;;;;;;;;;;;;;;;;;;
;00:27:24;169;;;;;;;;;;;;;;;;;;;;;;;;;;;
;00:27:25;169;;;;;;;;;;;;;;;;;;;;;;;;;;;
;00:27:26;169;;;;;;;;;;;;;;;;;;;;;;;;;;;
;00:27:27;169;;;;;;;;;;;;;;;;;;;;;;;;;;;
;00:27:28;169;;;;;;;;;;;;;;;;;;;;;;;;;;;
;00:27:29;169;;;;;;;;;;;;;;;;;;;;;;;;;;;
;00:27:30;170;;;;;;;;;;;;;;;;;;;;;;;;;;;
;00:27:31;170;;;;;;;;;;;;;;;;;;;;;;;;;;;
;00:27:32;170;;;;;;;;;;;;;;;;;;;;;;;;;;;
;00:27:33;170;;;;;;;;;;;;;;;;;;;;;;;;;;;
;00:27:34;171;;;;;;;;;;;;;;;;;;;;;;;;;;;
;00:27:35;170;;;;;;;;;;;;;;;;;;;;;;;;;;;
;00:27:36;171;;;;;;;;;;;;;;;;;;;;;;;;;;;
;00:27:37;170;;;;;;;;;;;;;;;;;;;;;;;;;;;
;00:27:38;171;;;;;;;;;;;;;;;;;;;;;;;;;;;
;00:27:39;171;;;;;;;;;;;;;;;;;;;;;;;;;;;
;00:27:40;171;;;;;;;;;;;;;;;;;;;;;;;;;;;
;00:27:41;171;;;;;;;;;;;;;;;;;;;;;;;;;;;
;00:27:42;171;;;;;;;;;;;;;;;;;;;;;;;;;;;
;00:27:43;171;;;;;;;;;;;;;;;;;;;;;;;;;;;
;00:27:44;172;;;;;;;;;;;;;;;;;;;;;;;;;;;
;00:27:45;172;;;;;;;;;;;;;;;;;;;;;;;;;;;
;00:27:46;171;;;;;;;;;;;;;;;;;;;;;;;;;;;
;00:27:47;172;;;;;;;;;;;;;;;;;;;;;;;;;;;
;00:27:48;172;;;;;;;;;;;;;;;;;;;;;;;;;;;
;00:27:49;172;;;;;;;;;;;;;;;;;;;;;;;;;;;
;00:27:50;173;;;;;;;;;;;;;;;;;;;;;;;;;;;
;00:27:51;172;;;;;;;;;;;;;;;;;;;;;;;;;;;
;00:27:52;172;;;;;;;;;;;;;;;;;;;;;;;;;;;
;00:27:53;173;;;;;;;;;;;;;;;;;;;;;;;;;;;
;00:27:54;173;;;;;;;;;;;;;;;;;;;;;;;;;;;
;00:27:55;173;;;;;;;;;;;;;;;;;;;;;;;;;;;
;00:27:56;173;;;;;;;;;;;;;;;;;;;;;;;;;;;
;00:27:57;173;;;;;;;;;;;;;;;;;;;;;;;;;;;
;00:27:58;173;;;;;;;;;;;;;;;;;;;;;;;;;;;
;00:27:59;173;;;;;;;;;;;;;;;;;;;;;;;;;;;
;00:28:00;173;;;;;;;;;;;;;;;;;;;;;;;;;;;
;00:28:01;173;;;;;;;;;;;;;;;;;;;;;;;;;;;
;00:28:02;173;;;;;;;;;;;;;;;;;;;;;;;;;;;
;00:28:03;173;;;;;;;;;;;;;;;;;;;;;;;;;;;
;00:28:04;174;;;;;;;;;;;;;;;;;;;;;;;;;;;
;00:28:05;173;;;;;;;;;;;;;;;;;;;;;;;;;;;
;00:28:06;173;;;;;;;;;;;;;;;;;;;;;;;;;;;
;00:28:07;174;;;;;;;;;;;;;;;;;;;;;;;;;;;
;00:28:08;173;;;;;;;;;;;;;;;;;;;;;;;;;;;
;00:28:09;174;;;;;;;;;;;;;;;;;;;;;;;;;;;
;00:28:10;173;;;;;;;;;;;;;;;;;;;;;;;;;;;
;00:28:11;173;;;;;;;;;;;;;;;;;;;;;;;;;;;
;00:28:12;174;;;;;;;;;;;;;;;;;;;;;;;;;;;
;00:28:13;173;;;;;;;;;;;;;;;;;;;;;;;;;;;
;00:28:14;174;;;;;;;;;;;;;;;;;;;;;;;;;;;
;00:28:15;174;;;;;;;;;;;;;;;;;;;;;;;;;;;
;00:28:16;174;;;;;;;;;;;;;;;;;;;;;;;;;;;
;00:28:17;174;;;;;;;;;;;;;;;;;;;;;;;;;;;
;00:28:18;174;;;;;;;;;;;;;;;;;;;;;;;;;;;
;00:28:19;174;;;;;;;;;;;;;;;;;;;;;;;;;;;
;00:28:20;174;;;;;;;;;;;;;;;;;;;;;;;;;;;
;00:28:21;174;;;;;;;;;;;;;;;;;;;;;;;;;;;
;00:28:22;175;;;;;;;;;;;;;;;;;;;;;;;;;;;
;00:28:23;174;;;;;;;;;;;;;;;;;;;;;;;;;;;
;00:28:24;174;;;;;;;;;;;;;;;;;;;;;;;;;;;
;00:28:25;175;;;;;;;;;;;;;;;;;;;;;;;;;;;
;00:28:26;174;;;;;;;;;;;;;;;;;;;;;;;;;;;
;00:28:27;175;;;;;;;;;;;;;;;;;;;;;;;;;;;
;00:28:28;174;;;;;;;;;;;;;;;;;;;;;;;;;;;
;00:28:29;175;;;;;;;;;;;;;;;;;;;;;;;;;;;
;00:28:30;175;;;;;;;;;;;;;;;;;;;;;;;;;;;
;00:28:31;175;;;;;;;;;;;;;;;;;;;;;;;;;;;
;00:28:32;176;;;;;;;;;;;;;;;;;;;;;;;;;;;
;00:28:33;176;;;;;;;;;;;;;;;;;;;;;;;;;;;
;00:28:34;176;;;;;;;;;;;;;;;;;;;;;;;;;;;
;00:28:35;177;;;;;;;;;;;;;;;;;;;;;;;;;;;
;00:28:36;177;;;;;;;;;;;;;;;;;;;;;;;;;;;
;00:28:37;177;;;;;;;;;;;;;;;;;;;;;;;;;;;
;00:28:38;177;;;;;;;;;;;;;;;;;;;;;;;;;;;
;00:28:39;177;;;;;;;;;;;;;;;;;;;;;;;;;;;
;00:28:40;177;;;;;;;;;;;;;;;;;;;;;;;;;;;
;00:28:41;177;;;;;;;;;;;;;;;;;;;;;;;;;;;
;00:28:42;176;;;;;;;;;;;;;;;;;;;;;;;;;;;
;00:28:43;177;;;;;;;;;;;;;;;;;;;;;;;;;;;
;00:28:44;177;;;;;;;;;;;;;;;;;;;;;;;;;;;
;00:28:45;177;;;;;;;;;;;;;;;;;;;;;;;;;;;
;00:28:46;177;;;;;;;;;;;;;;;;;;;;;;;;;;;
;00:28:47;176;;;;;;;;;;;;;;;;;;;;;;;;;;;
;00:28:48;176;;;;;;;;;;;;;;;;;;;;;;;;;;;
;00:28:49;176;;;;;;;;;;;;;;;;;;;;;;;;;;;
;00:28:50;176;;;;;;;;;;;;;;;;;;;;;;;;;;;
;00:28:51;176;;;;;;;;;;;;;;;;;;;;;;;;;;;
;00:28:52;176;;;;;;;;;;;;;;;;;;;;;;;;;;;
;00:28:53;175;;;;;;;;;;;;;;;;;;;;;;;;;;;
;00:28:54;175;;;;;;;;;;;;;;;;;;;;;;;;;;;
;00:28:55;176;;;;;;;;;;;;;;;;;;;;;;;;;;;
;00:28:56;175;;;;;;;;;;;;;;;;;;;;;;;;;;;
;00:28:57;175;;;;;;;;;;;;;;;;;;;;;;;;;;;
;00:28:58;175;;;;;;;;;;;;;;;;;;;;;;;;;;;
;00:28:59;175;;;;;;;;;;;;;;;;;;;;;;;;;;;
;00:29:00;174;;;;;;;;;;;;;;;;;;;;;;;;;;;
;00:29:01;175;;;;;;;;;;;;;;;;;;;;;;;;;;;
;00:29:02;174;;;;;;;;;;;;;;;;;;;;;;;;;;;
;00:29:03;174;;;;;;;;;;;;;;;;;;;;;;;;;;;
;00:29:04;174;;;;;;;;;;;;;;;;;;;;;;;;;;;
;00:29:05;174;;;;;;;;;;;;;;;;;;;;;;;;;;;
;00:29:06;174;;;;;;;;;;;;;;;;;;;;;;;;;;;
;00:29:07;175;;;;;;;;;;;;;;;;;;;;;;;;;;;
;00:29:08;174;;;;;;;;;;;;;;;;;;;;;;;;;;;
;00:29:09;174;;;;;;;;;;;;;;;;;;;;;;;;;;;
;00:29:10;174;;;;;;;;;;;;;;;;;;;;;;;;;;;
;00:29:11;174;;;;;;;;;;;;;;;;;;;;;;;;;;;
;00:29:12;175;;;;;;;;;;;;;;;;;;;;;;;;;;;
;00:29:13;174;;;;;;;;;;;;;;;;;;;;;;;;;;;
;00:29:14;175;;;;;;;;;;;;;;;;;;;;;;;;;;;
;00:29:15;174;;;;;;;;;;;;;;;;;;;;;;;;;;;
;00:29:16;175;;;;;;;;;;;;;;;;;;;;;;;;;;;
;00:29:17;175;;;;;;;;;;;;;;;;;;;;;;;;;;;
;00:29:18;175;;;;;;;;;;;;;;;;;;;;;;;;;;;
;00:29:19;175;;;;;;;;;;;;;;;;;;;;;;;;;;;
;00:29:20;175;;;;;;;;;;;;;;;;;;;;;;;;;;;
;00:29:21;175;;;;;;;;;;;;;;;;;;;;;;;;;;;
;00:29:22;175;;;;;;;;;;;;;;;;;;;;;;;;;;;
;00:29:23;175;;;;;;;;;;;;;;;;;;;;;;;;;;;
;00:29:24;175;;;;;;;;;;;;;;;;;;;;;;;;;;;
;00:29:25;176;;;;;;;;;;;;;;;;;;;;;;;;;;;
;00:29:26;176;;;;;;;;;;;;;;;;;;;;;;;;;;;
;00:29:27;176;;;;;;;;;;;;;;;;;;;;;;;;;;;
;00:29:28;176;;;;;;;;;;;;;;;;;;;;;;;;;;;
;00:29:29;176;;;;;;;;;;;;;;;;;;;;;;;;;;;
;00:29:30;177;;;;;;;;;;;;;;;;;;;;;;;;;;;
;00:29:31;176;;;;;;;;;;;;;;;;;;;;;;;;;;;
;00:29:32;177;;;;;;;;;;;;;;;;;;;;;;;;;;;
;00:29:33;176;;;;;;;;;;;;;;;;;;;;;;;;;;;
;00:29:34;176;;;;;;;;;;;;;;;;;;;;;;;;;;;
;00:29:35;176;;;;;;;;;;;;;;;;;;;;;;;;;;;
;00:29:36;176;;;;;;;;;;;;;;;;;;;;;;;;;;;
;00:29:37;176;;;;;;;;;;;;;;;;;;;;;;;;;;;
;00:29:38;176;;;;;;;;;;;;;;;;;;;;;;;;;;;
;00:29:39;176;;;;;;;;;;;;;;;;;;;;;;;;;;;
;00:29:40;176;;;;;;;;;;;;;;;;;;;;;;;;;;;
;00:29:41;176;;;;;;;;;;;;;;;;;;;;;;;;;;;
;00:29:42;176;;;;;;;;;;;;;;;;;;;;;;;;;;;
;00:29:43;176;;;;;;;;;;;;;;;;;;;;;;;;;;;
;00:29:44;176;;;;;;;;;;;;;;;;;;;;;;;;;;;
;00:29:45;176;;;;;;;;;;;;;;;;;;;;;;;;;;;
;00:29:46;177;;;;;;;;;;;;;;;;;;;;;;;;;;;
;00:29:47;176;;;;;;;;;;;;;;;;;;;;;;;;;;;
;00:29:48;177;;;;;;;;;;;;;;;;;;;;;;;;;;;
;00:29:49;176;;;;;;;;;;;;;;;;;;;;;;;;;;;
;00:29:50;177;;;;;;;;;;;;;;;;;;;;;;;;;;;
;00:29:51;176;;;;;;;;;;;;;;;;;;;;;;;;;;;
;00:29:52;177;;;;;;;;;;;;;;;;;;;;;;;;;;;
;00:29:53;176;;;;;;;;;;;;;;;;;;;;;;;;;;;
;00:29:54;176;;;;;;;;;;;;;;;;;;;;;;;;;;;
;00:29:55;176;;;;;;;;;;;;;;;;;;;;;;;;;;;
;00:29:56;176;;;;;;;;;;;;;;;;;;;;;;;;;;;
;00:29:57;176;;;;;;;;;;;;;;;;;;;;;;;;;;;
;00:29:58;176;;;;;;;;;;;;;;;;;;;;;;;;;;;
;00:29:59;175;;;;;;;;;;;;;;;;;;;;;;;;;;;
;00:30:00;176;;;;;;;;;;;;;;;;;;;;;;;;;;;
;00:30:01;176;;;;;;;;;;;;;;;;;;;;;;;;;;;
;00:30:02;175;;;;;;;;;;;;;;;;;;;;;;;;;;;
;00:30:03;175;;;;;;;;;;;;;;;;;;;;;;;;;;;
;00:30:04;175;;;;;;;;;;;;;;;;;;;;;;;;;;;
;00:30:05;175;;;;;;;;;;;;;;;;;;;;;;;;;;;
;00:30:06;175;;;;;;;;;;;;;;;;;;;;;;;;;;;
;00:30:07;175;;;;;;;;;;;;;;;;;;;;;;;;;;;
;00:30:08;175;;;;;;;;;;;;;;;;;;;;;;;;;;;
;00:30:09;176;;;;;;;;;;;;;;;;;;;;;;;;;;;
;00:30:10;175;;;;;;;;;;;;;;;;;;;;;;;;;;;
;00:30:11;175;;;;;;;;;;;;;;;;;;;;;;;;;;;
;00:30:12;175;;;;;;;;;;;;;;;;;;;;;;;;;;;
;00:30:13;175;;;;;;;;;;;;;;;;;;;;;;;;;;;
;00:30:14;175;;;;;;;;;;;;;;;;;;;;;;;;;;;
;00:30:15;175;;;;;;;;;;;;;;;;;;;;;;;;;;;
;00:30:16;175;;;;;;;;;;;;;;;;;;;;;;;;;;;
;00:30:17;175;;;;;;;;;;;;;;;;;;;;;;;;;;;
;00:30:18;175;;;;;;;;;;;;;;;;;;;;;;;;;;;
;00:30:19;174;;;;;;;;;;;;;;;;;;;;;;;;;;;
;00:30:20;174;;;;;;;;;;;;;;;;;;;;;;;;;;;
;00:30:21;175;;;;;;;;;;;;;;;;;;;;;;;;;;;
;00:30:22;175;;;;;;;;;;;;;;;;;;;;;;;;;;;
;00:30:23;175;;;;;;;;;;;;;;;;;;;;;;;;;;;
;00:30:24;174;;;;;;;;;;;;;;;;;;;;;;;;;;;
;00:30:25;174;;;;;;;;;;;;;;;;;;;;;;;;;;;
;00:30:26;174;;;;;;;;;;;;;;;;;;;;;;;;;;;
;00:30:27;174;;;;;;;;;;;;;;;;;;;;;;;;;;;
;00:30:28;173;;;;;;;;;;;;;;;;;;;;;;;;;;;
;00:30:29;173;;;;;;;;;;;;;;;;;;;;;;;;;;;
;00:30:30;172;;;;;;;;;;;;;;;;;;;;;;;;;;;
;00:30:31;172;;;;;;;;;;;;;;;;;;;;;;;;;;;
;00:30:32;171;;;;;;;;;;;;;;;;;;;;;;;;;;;
;00:30:33;171;;;;;;;;;;;;;;;;;;;;;;;;;;;
;00:30:34;171;;;;;;;;;;;;;;;;;;;;;;;;;;;
;00:30:35;171;;;;;;;;;;;;;;;;;;;;;;;;;;;
;00:30:36;170;;;;;;;;;;;;;;;;;;;;;;;;;;;
;00:30:37;169;;;;;;;;;;;;;;;;;;;;;;;;;;;
;00:30:38;169;;;;;;;;;;;;;;;;;;;;;;;;;;;
;00:30:39;168;;;;;;;;;;;;;;;;;;;;;;;;;;;
;00:30:40;168;;;;;;;;;;;;;;;;;;;;;;;;;;;
;00:30:41;167;;;;;;;;;;;;;;;;;;;;;;;;;;;
;00:30:42;166;;;;;;;;;;;;;;;;;;;;;;;;;;;
;00:30:43;165;;;;;;;;;;;;;;;;;;;;;;;;;;;
;00:30:44;165;;;;;;;;;;;;;;;;;;;;;;;;;;;
;00:30:45;164;;;;;;;;;;;;;;;;;;;;;;;;;;;
;00:30:46;164;;;;;;;;;;;;;;;;;;;;;;;;;;;
;00:30:47;163;;;;;;;;;;;;;;;;;;;;;;;;;;;
;00:30:48;163;;;;;;;;;;;;;;;;;;;;;;;;;;;
;00:30:49;162;;;;;;;;;;;;;;;;;;;;;;;;;;;
;00:30:50;161;;;;;;;;;;;;;;;;;;;;;;;;;;;
;00:30:51;160;;;;;;;;;;;;;;;;;;;;;;;;;;;
;00:30:52;160;;;;;;;;;;;;;;;;;;;;;;;;;;;
;00:30:53;160;;;;;;;;;;;;;;;;;;;;;;;;;;;
;00:30:54;159;;;;;;;;;;;;;;;;;;;;;;;;;;;
;00:30:55;159;;;;;;;;;;;;;;;;;;;;;;;;;;;
;00:30:56;159;;;;;;;;;;;;;;;;;;;;;;;;;;;
;00:30:57;160;;;;;;;;;;;;;;;;;;;;;;;;;;;
;00:30:58;161;;;;;;;;;;;;;;;;;;;;;;;;;;;
;00:30:59;161;;;;;;;;;;;;;;;;;;;;;;;;;;;
;00:31:00;161;;;;;;;;;;;;;;;;;;;;;;;;;;;
;00:31:01;162;;;;;;;;;;;;;;;;;;;;;;;;;;;
;00:31:02;162;;;;;;;;;;;;;;;;;;;;;;;;;;;
;00:31:03;162;;;;;;;;;;;;;;;;;;;;;;;;;;;
;00:31:04;160;;;;;;;;;;;;;;;;;;;;;;;;;;;
;00:31:05;160;;;;;;;;;;;;;;;;;;;;;;;;;;;
;00:31:06;159;;;;;;;;;;;;;;;;;;;;;;;;;;;
;00:31:07;158;;;;;;;;;;;;;;;;;;;;;;;;;;;
;00:31:08;157;;;;;;;;;;;;;;;;;;;;;;;;;;;
;00:31:09;156;;;;;;;;;;;;;;;;;;;;;;;;;;;
;00:31:10;155;;;;;;;;;;;;;;;;;;;;;;;;;;;
;00:31:11;154;;;;;;;;;;;;;;;;;;;;;;;;;;;
;00:31:12;153;;;;;;;;;;;;;;;;;;;;;;;;;;;
;00:31:13;152;;;;;;;;;;;;;;;;;;;;;;;;;;;
;00:31:14;152;;;;;;;;;;;;;;;;;;;;;;;;;;;
;00:31:15;152;;;;;;;;;;;;;;;;;;;;;;;;;;;
;00:31:16;151;;;;;;;;;;;;;;;;;;;;;;;;;;;
;00:31:17;151;;;;;;;;;;;;;;;;;;;;;;;;;;;
;00:31:18;151;;;;;;;;;;;;;;;;;;;;;;;;;;;
;00:31:19;150;;;;;;;;;;;;;;;;;;;;;;;;;;;
;00:31:20;149;;;;;;;;;;;;;;;;;;;;;;;;;;;
;00:31:21;148;;;;;;;;;;;;;;;;;;;;;;;;;;;
;00:31:22;147;;;;;;;;;;;;;;;;;;;;;;;;;;;
;00:31:23;146;;;;;;;;;;;;;;;;;;;;;;;;;;;
;00:31:24;145;;;;;;;;;;;;;;;;;;;;;;;;;;;
;00:31:25;144;;;;;;;;;;;;;;;;;;;;;;;;;;;
;00:31:26;143;;;;;;;;;;;;;;;;;;;;;;;;;;;
;00:31:27;142;;;;;;;;;;;;;;;;;;;;;;;;;;;
;00:31:28;142;;;;;;;;;;;;;;;;;;;;;;;;;;;
;00:31:29;142;;;;;;;;;;;;;;;;;;;;;;;;;;;
;00:31:30;142;;;;;;;;;;;;;;;;;;;;;;;;;;;
;00:31:31;143;;;;;;;;;;;;;;;;;;;;;;;;;;;
;00:31:32;143;;;;;;;;;;;;;;;;;;;;;;;;;;;
;00:31:33;144;;;;;;;;;;;;;;;;;;;;;;;;;;;
;00:31:34;144;;;;;;;;;;;;;;;;;;;;;;;;;;;
;00:31:35;145;;;;;;;;;;;;;;;;;;;;;;;;;;;
;00:31:36;145;;;;;;;;;;;;;;;;;;;;;;;;;;;
;00:31:37;145;;;;;;;;;;;;;;;;;;;;;;;;;;;
;00:31:38;145;;;;;;;;;;;;;;;;;;;;;;;;;;;
;00:31:39;143;;;;;;;;;;;;;;;;;;;;;;;;;;;
;00:31:40;142;;;;;;;;;;;;;;;;;;;;;;;;;;;
;00:31:41;142;;;;;;;;;;;;;;;;;;;;;;;;;;;
;00:31:42;141;;;;;;;;;;;;;;;;;;;;;;;;;;;
;00:31:43;142;;;;;;;;;;;;;;;;;;;;;;;;;;;
;00:31:44;141;;;;;;;;;;;;;;;;;;;;;;;;;;;
;00:31:45;141;;;;;;;;;;;;;;;;;;;;;;;;;;;
;00:31:46;141;;;;;;;;;;;;;;;;;;;;;;;;;;;
;00:31:47;142;;;;;;;;;;;;;;;;;;;;;;;;;;;
;00:31:48;142;;;;;;;;;;;;;;;;;;;;;;;;;;;
;00:31:49;143;;;;;;;;;;;;;;;;;;;;;;;;;;;
;00:31:50;143;;;;;;;;;;;;;;;;;;;;;;;;;;;
;00:31:51;142;;;;;;;;;;;;;;;;;;;;;;;;;;;
;00:31:52;141;;;;;;;;;;;;;;;;;;;;;;;;;;;
;00:31:53;139;;;;;;;;;;;;;;;;;;;;;;;;;;;
;00:31:54;139;;;;;;;;;;;;;;;;;;;;;;;;;;;
;00:31:55;139;;;;;;;;;;;;;;;;;;;;;;;;;;;
;00:31:56;139;;;;;;;;;;;;;;;;;;;;;;;;;;;
;00:31:57;139;;;;;;;;;;;;;;;;;;;;;;;;;;;
;00:31:58;138;;;;;;;;;;;;;;;;;;;;;;;;;;;
;00:31:59;137;;;;;;;;;;;;;;;;;;;;;;;;;;;
;00:32:00;136;;;;;;;;;;;;;;;;;;;;;;;;;;;
;00:32:01;137;;;;;;;;;;;;;;;;;;;;;;;;;;;
;00:32:02;137;;;;;;;;;;;;;;;;;;;;;;;;;;;
;00:32:03;137;;;;;;;;;;;;;;;;;;;;;;;;;;;
;00:32:04;137;;;;;;;;;;;;;;;;;;;;;;;;;;;
;00:32:05;137;;;;;;;;;;;;;;;;;;;;;;;;;;;
;00:32:06;136;;;;;;;;;;;;;;;;;;;;;;;;;;;
;00:32:07;135;;;;;;;;;;;;;;;;;;;;;;;;;;;
;00:32:08;135;;;;;;;;;;;;;;;;;;;;;;;;;;;
;00:32:09;135;;;;;;;;;;;;;;;;;;;;;;;;;;;
;00:32:10;135;;;;;;;;;;;;;;;;;;;;;;;;;;;
;00:32:11;136;;;;;;;;;;;;;;;;;;;;;;;;;;;
;00:32:12;137;;;;;;;;;;;;;;;;;;;;;;;;;;;
;00:32:13;137;;;;;;;;;;;;;;;;;;;;;;;;;;;
;00:32:14;137;;;;;;;;;;;;;;;;;;;;;;;;;;;
;00:32:15;137;;;;;;;;;;;;;;;;;;;;;;;;;;;
;00:32:16;136;;;;;;;;;;;;;;;;;;;;;;;;;;;
;00:32:17;136;;;;;;;;;;;;;;;;;;;;;;;;;;;
;00:32:18;136;;;;;;;;;;;;;;;;;;;;;;;;;;;
;00:32:19;136;;;;;;;;;;;;;;;;;;;;;;;;;;;
;00:32:20;137;;;;;;;;;;;;;;;;;;;;;;;;;;;
;00:32:21;138;;;;;;;;;;;;;;;;;;;;;;;;;;;
;00:32:22;137;;;;;;;;;;;;;;;;;;;;;;;;;;;
;00:32:23;136;;;;;;;;;;;;;;;;;;;;;;;;;;;
;00:32:24;135;;;;;;;;;;;;;;;;;;;;;;;;;;;
;00:32:25;135;;;;;;;;;;;;;;;;;;;;;;;;;;;
;00:32:26;134;;;;;;;;;;;;;;;;;;;;;;;;;;;
;00:32:27;135;;;;;;;;;;;;;;;;;;;;;;;;;;;
;00:32:28;135;;;;;;;;;;;;;;;;;;;;;;;;;;;
;00:32:29;136;;;;;;;;;;;;;;;;;;;;;;;;;;;
;00:32:30;137;;;;;;;;;;;;;;;;;;;;;;;;;;;
;00:32:31;137;;;;;;;;;;;;;;;;;;;;;;;;;;;
;00:32:32;137;;;;;;;;;;;;;;;;;;;;;;;;;;;
;00:32:33;137;;;;;;;;;;;;;;;;;;;;;;;;;;;
;00:32:34;136;;;;;;;;;;;;;;;;;;;;;;;;;;;
;00:32:35;136;;;;;;;;;;;;;;;;;;;;;;;;;;;
;00:32:36;136;;;;;;;;;;;;;;;;;;;;;;;;;;;
;00:32:37;136;;;;;;;;;;;;;;;;;;;;;;;;;;;
;00:32:38;135;;;;;;;;;;;;;;;;;;;;;;;;;;;
;00:32:39;135;;;;;;;;;;;;;;;;;;;;;;;;;;;
;00:32:40;134;;;;;;;;;;;;;;;;;;;;;;;;;;;
;00:32:41;134;;;;;;;;;;;;;;;;;;;;;;;;;;;
;00:32:42;134;;;;;;;;;;;;;;;;;;;;;;;;;;;
;00:32:43;133;;;;;;;;;;;;;;;;;;;;;;;;;;;
;00:32:44;132;;;;;;;;;;;;;;;;;;;;;;;;;;;
;00:32:45;131;;;;;;;;;;;;;;;;;;;;;;;;;;;
;00:32:46;131;;;;;;;;;;;;;;;;;;;;;;;;;;;
;00:32:47;131;;;;;;;;;;;;;;;;;;;;;;;;;;;
;00:32:48;131;;;;;;;;;;;;;;;;;;;;;;;;;;;
;00:32:49;131;;;;;;;;;;;;;;;;;;;;;;;;;;;
;00:32:50;131;;;;;;;;;;;;;;;;;;;;;;;;;;;
;00:32:51;130;;;;;;;;;;;;;;;;;;;;;;;;;;;
;00:32:52;130;;;;;;;;;;;;;;;;;;;;;;;;;;;
;00:32:53;130;;;;;;;;;;;;;;;;;;;;;;;;;;;
;00:32:54;130;;;;;;;;;;;;;;;;;;;;;;;;;;;
;00:32:55;130;;;;;;;;;;;;;;;;;;;;;;;;;;;
;00:32:56;130;;;;;;;;;;;;;;;;;;;;;;;;;;;
;00:32:57;129;;;;;;;;;;;;;;;;;;;;;;;;;;;
;00:32:58;129;;;;;;;;;;;;;;;;;;;;;;;;;;;
;00:32:59;128;;;;;;;;;;;;;;;;;;;;;;;;;;;
;00:33:00;128;;;;;;;;;;;;;;;;;;;;;;;;;;;
;00:33:01;128;;;;;;;;;;;;;;;;;;;;;;;;;;;
;00:33:02;129;;;;;;;;;;;;;;;;;;;;;;;;;;;
;00:33:03;129;;;;;;;;;;;;;;;;;;;;;;;;;;;
;00:33:04;130;;;;;;;;;;;;;;;;;;;;;;;;;;;
;00:33:05;130;;;;;;;;;;;;;;;;;;;;;;;;;;;
;00:33:06;130;;;;;;;;;;;;;;;;;;;;;;;;;;;
;00:33:07;133;;;;;;;;;;;;;;;;;;;;;;;;;;;
;00:33:08;132;;;;;;;;;;;;;;;;;;;;;;;;;;;
;00:33:09;132;;;;;;;;;;;;;;;;;;;;;;;;;;;
;00:33:10;131;;;;;;;;;;;;;;;;;;;;;;;;;;;
;00:33:11;130;;;;;;;;;;;;;;;;;;;;;;;;;;;
;00:33:12;129;;;;;;;;;;;;;;;;;;;;;;;;;;;
;00:33:13;129;;;;;;;;;;;;;;;;;;;;;;;;;;;
;00:33:14;129;;;;;;;;;;;;;;;;;;;;;;;;;;;
;00:33:15;130;;;;;;;;;;;;;;;;;;;;;;;;;;;
;00:33:16;129;;;;;;;;;;;;;;;;;;;;;;;;;;;
;00:33:17;129;;;;;;;;;;;;;;;;;;;;;;;;;;;
;00:33:18;128;;;;;;;;;;;;;;;;;;;;;;;;;;;
;00:33:19;127;;;;;;;;;;;;;;;;;;;;;;;;;;;
;00:33:20;127;;;;;;;;;;;;;;;;;;;;;;;;;;;
;00:33:21;127;;;;;;;;;;;;;;;;;;;;;;;;;;;
;00:33:22;127;;;;;;;;;;;;;;;;;;;;;;;;;;;
;00:33:23;127;;;;;;;;;;;;;;;;;;;;;;;;;;;
;00:33:24;127;;;;;;;;;;;;;;;;;;;;;;;;;;;
;00:33:25;127;;;;;;;;;;;;;;;;;;;;;;;;;;;
;00:33:26;126;;;;;;;;;;;;;;;;;;;;;;;;;;;
;00:33:27;125;;;;;;;;;;;;;;;;;;;;;;;;;;;
;00:33:28;124;;;;;;;;;;;;;;;;;;;;;;;;;;;
;00:33:29;124;;;;;;;;;;;;;;;;;;;;;;;;;;;
;00:33:30;123;;;;;;;;;;;;;;;;;;;;;;;;;;;
;00:33:31;124;;;;;;;;;;;;;;;;;;;;;;;;;;;
;00:33:32;124;;;;;;;;;;;;;;;;;;;;;;;;;;;
;00:33:33;125;;;;;;;;;;;;;;;;;;;;;;;;;;;
;00:33:34;126;;;;;;;;;;;;;;;;;;;;;;;;;;;
;00:33:35;125;;;;;;;;;;;;;;;;;;;;;;;;;;;
;00:33:36;125;;;;;;;;;;;;;;;;;;;;;;;;;;;
;00:33:37;124;;;;;;;;;;;;;;;;;;;;;;;;;;;
;00:33:38;124;;;;;;;;;;;;;;;;;;;;;;;;;;;
;00:33:39;124;;;;;;;;;;;;;;;;;;;;;;;;;;;
;00:33:40;123;;;;;;;;;;;;;;;;;;;;;;;;;;;
;00:33:41;123;;;;;;;;;;;;;;;;;;;;;;;;;;;
;00:33:42;123;;;;;;;;;;;;;;;;;;;;;;;;;;;
;00:33:43;123;;;;;;;;;;;;;;;;;;;;;;;;;;;
;00:33:44;123;;;;;;;;;;;;;;;;;;;;;;;;;;;
;00:33:45;123;;;;;;;;;;;;;;;;;;;;;;;;;;;
;00:33:46;123;;;;;;;;;;;;;;;;;;;;;;;;;;;
;00:33:47;124;;;;;;;;;;;;;;;;;;;;;;;;;;;
;00:33:48;123;;;;;;;;;;;;;;;;;;;;;;;;;;;
;00:33:49;122;;;;;;;;;;;;;;;;;;;;;;;;;;;
;00:33:50;121;;;;;;;;;;;;;;;;;;;;;;;;;;;
;00:33:51;120;;;;;;;;;;;;;;;;;;;;;;;;;;;
;00:33:52;121;;;;;;;;;;;;;;;;;;;;;;;;;;;
;00:33:53;121;;;;;;;;;;;;;;;;;;;;;;;;;;;
;00:33:54;121;;;;;;;;;;;;;;;;;;;;;;;;;;;
;00:33:55;122;;;;;;;;;;;;;;;;;;;;;;;;;;;
;00:33:56;122;;;;;;;;;;;;;;;;;;;;;;;;;;;
;00:33:57;122;;;;;;;;;;;;;;;;;;;;;;;;;;;
;00:33:58;122;;;;;;;;;;;;;;;;;;;;;;;;;;;
;00:33:59;122;;;;;;;;;;;;;;;;;;;;;;;;;;;
;00:34:00;122;;;;;;;;;;;;;;;;;;;;;;;;;;;
;00:34:01;122;;;;;;;;;;;;;;;;;;;;;;;;;;;
;00:34:02;123;;;;;;;;;;;;;;;;;;;;;;;;;;;
;00:34:03;123;;;;;;;;;;;;;;;;;;;;;;;;;;;
;00:34:04;123;;;;;;;;;;;;;;;;;;;;;;;;;;;
;00:34:05;123;;;;;;;;;;;;;;;;;;;;;;;;;;;
;00:34:06;123;;;;;;;;;;;;;;;;;;;;;;;;;;;
;00:34:07;123;;;;;;;;;;;;;;;;;;;;;;;;;;;
;00:34:08;123;;;;;;;;;;;;;;;;;;;;;;;;;;;
;00:34:09;123;;;;;;;;;;;;;;;;;;;;;;;;;;;
;00:34:10;123;;;;;;;;;;;;;;;;;;;;;;;;;;;
;00:34:11;123;;;;;;;;;;;;;;;;;;;;;;;;;;;
;00:34:12;123;;;;;;;;;;;;;;;;;;;;;;;;;;;
;00:34:13;123;;;;;;;;;;;;;;;;;;;;;;;;;;;
;00:34:14;122;;;;;;;;;;;;;;;;;;;;;;;;;;;
;00:34:15;121;;;;;;;;;;;;;;;;;;;;;;;;;;;
;00:34:16;121;;;;;;;;;;;;;;;;;;;;;;;;;;;
;00:34:17;121;;;;;;;;;;;;;;;;;;;;;;;;;;;
;00:34:18;121;;;;;;;;;;;;;;;;;;;;;;;;;;;
;00:34:19;121;;;;;;;;;;;;;;;;;;;;;;;;;;;
;00:34:20;120;;;;;;;;;;;;;;;;;;;;;;;;;;;
;00:34:21;120;;;;;;;;;;;;;;;;;;;;;;;;;;;
;00:34:22;120;;;;;;;;;;;;;;;;;;;;;;;;;;;
;00:34:23;120;;;;;;;;;;;;;;;;;;;;;;;;;;;
;00:34:24;120;;;;;;;;;;;;;;;;;;;;;;;;;;;
;00:34:25;119;;;;;;;;;;;;;;;;;;;;;;;;;;;
;00:34:26;118;;;;;;;;;;;;;;;;;;;;;;;;;;;
;00:34:27;117;;;;;;;;;;;;;;;;;;;;;;;;;;;
;00:34:28;117;;;;;;;;;;;;;;;;;;;;;;;;;;;
;00:34:29;116;;;;;;;;;;;;;;;;;;;;;;;;;;;
;00:34:30;117;;;;;;;;;;;;;;;;;;;;;;;;;;;
;00:34:31;117;;;;;;;;;;;;;;;;;;;;;;;;;;;
;00:34:32;117;;;;;;;;;;;;;;;;;;;;;;;;;;;
;00:34:33;117;;;;;;;;;;;;;;;;;;;;;;;;;;;
;00:34:34;117;;;;;;;;;;;;;;;;;;;;;;;;;;;
;00:34:35;117;;;;;;;;;;;;;;;;;;;;;;;;;;;
;00:34:36;118;;;;;;;;;;;;;;;;;;;;;;;;;;;
;00:34:37;118;;;;;;;;;;;;;;;;;;;;;;;;;;;
;00:34:38;119;;;;;;;;;;;;;;;;;;;;;;;;;;;
;00:34:39;119;;;;;;;;;;;;;;;;;;;;;;;;;;;
;00:34:40;119;;;;;;;;;;;;;;;;;;;;;;;;;;;
;00:34:41;119;;;;;;;;;;;;;;;;;;;;;;;;;;;
;00:34:42;119;;;;;;;;;;;;;;;;;;;;;;;;;;;
;00:34:43;120;;;;;;;;;;;;;;;;;;;;;;;;;;;
;00:34:44;120;;;;;;;;;;;;;;;;;;;;;;;;;;;
;00:34:45;120;;;;;;;;;;;;;;;;;;;;;;;;;;;
;00:34:46;121;;;;;;;;;;;;;;;;;;;;;;;;;;;
;00:34:47;121;;;;;;;;;;;;;;;;;;;;;;;;;;;
;00:34:48;122;;;;;;;;;;;;;;;;;;;;;;;;;;;
;00:34:49;122;;;;;;;;;;;;;;;;;;;;;;;;;;;
;00:34:50;123;;;;;;;;;;;;;;;;;;;;;;;;;;;
;00:34:51;123;;;;;;;;;;;;;;;;;;;;;;;;;;;
;00:34:52;124;;;;;;;;;;;;;;;;;;;;;;;;;;;
;00:34:53;124;;;;;;;;;;;;;;;;;;;;;;;;;;;
;00:34:54;123;;;;;;;;;;;;;;;;;;;;;;;;;;;
;00:34:55;123;;;;;;;;;;;;;;;;;;;;;;;;;;;
;00:34:56;123;;;;;;;;;;;;;;;;;;;;;;;;;;;
;00:34:57;123;;;;;;;;;;;;;;;;;;;;;;;;;;;
;00:34:58;122;;;;;;;;;;;;;;;;;;;;;;;;;;;
;00:34:59;120;;;;;;;;;;;;;;;;;;;;;;;;;;;
;00:35:00;118;;;;;;;;;;;;;;;;;;;;;;;;;;;
;00:35:01;117;;;;;;;;;;;;;;;;;;;;;;;;;;;
;00:35:02;116;;;;;;;;;;;;;;;;;;;;;;;;;;;
;00:35:03;116;;;;;;;;;;;;;;;;;;;;;;;;;;;
;00:35:04;117;;;;;;;;;;;;;;;;;;;;;;;;;;;
;00:35:05;118;;;;;;;;;;;;;;;;;;;;;;;;;;;
;00:35:06;118;;;;;;;;;;;;;;;;;;;;;;;;;;;
;00:35:07;119;;;;;;;;;;;;;;;;;;;;;;;;;;;
;00:35:08;119;;;;;;;;;;;;;;;;;;;;;;;;;;;
;00:35:09;119;;;;;;;;;;;;;;;;;;;;;;;;;;;
;00:35:10;120;;;;;;;;;;;;;;;;;;;;;;;;;;;
;00:35:11;121;;;;;;;;;;;;;;;;;;;;;;;;;;;
;00:35:12;122;;;;;;;;;;;;;;;;;;;;;;;;;;;
;00:35:13;122;;;;;;;;;;;;;;;;;;;;;;;;;;;
;00:35:14;123;;;;;;;;;;;;;;;;;;;;;;;;;;;
;00:35:15;122;;;;;;;;;;;;;;;;;;;;;;;;;;;
;00:35:16;121;;;;;;;;;;;;;;;;;;;;;;;;;;;
;00:35:17;120;;;;;;;;;;;;;;;;;;;;;;;;;;;
;00:35:18;119;;;;;;;;;;;;;;;;;;;;;;;;;;;
;00:35:19;119;;;;;;;;;;;;;;;;;;;;;;;;;;;
;00:35:20;119;;;;;;;;;;;;;;;;;;;;;;;;;;;
;00:35:21;120;;;;;;;;;;;;;;;;;;;;;;;;;;;
;00:35:22;121;;;;;;;;;;;;;;;;;;;;;;;;;;;
;00:35:23;121;;;;;;;;;;;;;;;;;;;;;;;;;;;
;00:35:24;120;;;;;;;;;;;;;;;;;;;;;;;;;;;
;00:35:25;119;;;;;;;;;;;;;;;;;;;;;;;;;;;
;00:35:26;118;;;;;;;;;;;;;;;;;;;;;;;;;;;
;00:35:27;116;;;;;;;;;;;;;;;;;;;;;;;;;;;
;00:35:28;115;;;;;;;;;;;;;;;;;;;;;;;;;;;
;00:35:29;116;;;;;;;;;;;;;;;;;;;;;;;;;;;
;00:35:30;117;;;;;;;;;;;;;;;;;;;;;;;;;;;
;00:35:31;118;;;;;;;;;;;;;;;;;;;;;;;;;;;
;00:35:32;118;;;;;;;;;;;;;;;;;;;;;;;;;;;
;00:35:33;117;;;;;;;;;;;;;;;;;;;;;;;;;;;
;00:35:34;115;;;;;;;;;;;;;;;;;;;;;;;;;;;
;00:35:35;113;;;;;;;;;;;;;;;;;;;;;;;;;;;
;00:35:36;112;;;;;;;;;;;;;;;;;;;;;;;;;;;
;00:35:37;112;;;;;;;;;;;;;;;;;;;;;;;;;;;
;00:35:38;112;;;;;;;;;;;;;;;;;;;;;;;;;;;
;00:35:39;112;;;;;;;;;;;;;;;;;;;;;;;;;;;
;00:35:40;112;;;;;;;;;;;;;;;;;;;;;;;;;;;
;00:35:41;112;;;;;;;;;;;;;;;;;;;;;;;;;;;
;00:35:42;113;;;;;;;;;;;;;;;;;;;;;;;;;;;
;00:35:43;113;;;;;;;;;;;;;;;;;;;;;;;;;;;
;00:35:44;114;;;;;;;;;;;;;;;;;;;;;;;;;;;
;00:35:45;114;;;;;;;;;;;;;;;;;;;;;;;;;;;
;00:35:46;114;;;;;;;;;;;;;;;;;;;;;;;;;;;
;00:35:47;114;;;;;;;;;;;;;;;;;;;;;;;;;;;